date,Kyoto travel,Tokyo travel,isPartial,period
2004-12-26,0,0,False,2005-2009
2005-01-02,0,0,False,2005-2009
2005-01-09,0,0,False,2005-2009
2005-01-16,0,0,False,2005-2009
2005-01-23,0,0,False,2005-2009
2005-01-30,0,0,False,2005-2009
2005-02-06,0,100,False,2005-2009
2005-02-13,0,0,False,2005-2009
2005-02-20,0,0,False,2005-2009
2005-02-27,0,0,False,2005-2009
2005-03-06,0,0,False,2005-2009
2005-03-13,0,97,False,2005-2009
2005-03-20,0,0,False,2005-2009
2005-03-27,0,0,False,2005-2009
2005-04-03,0,0,False,2005-2009
2005-04-10,0,0,False,2005-2009
2005-04-17,0,77,False,2005-2009
2005-04-24,0,0,False,2005-2009
2005-05-01,0,82,False,2005-2009
2005-05-08,0,0,False,2005-2009
2005-05-15,0,69,False,2005-2009
2005-05-22,0,0,False,2005-2009
2005-05-29,0,87,False,2005-2009
2005-06-05,0,82,False,2005-2009
2005-06-12,0,86,False,2005-2009
2005-06-19,0,66,False,2005-2009
2005-06-26,0,0,False,2005-2009
2005-07-03,0,68,False,2005-2009
2005-07-10,0,72,False,2005-2009
2005-07-17,0,0,False,2005-2009
2005-07-24,0,0,False,2005-2009
2005-07-31,0,61,False,2005-2009
2005-08-07,0,0,False,2005-2009
2005-08-14,0,0,False,2005-2009
2005-08-21,0,0,False,2005-2009
2005-08-28,0,85,False,2005-2009
2005-09-04,0,63,False,2005-2009
2005-09-11,0,80,False,2005-2009
2005-09-18,0,0,False,2005-2009
2005-09-25,0,64,False,2005-2009
2005-10-02,0,73,False,2005-2009
2005-10-09,0,0,False,2005-2009
2005-10-16,0,0,False,2005-2009
2005-10-23,0,57,False,2005-2009
2005-10-30,0,0,False,2005-2009
2005-11-06,0,70,False,2005-2009
2005-11-13,0,0,False,2005-2009
2005-11-20,0,0,False,2005-2009
2005-11-27,0,0,False,2005-2009
2005-12-04,0,73,False,2005-2009
2005-12-11,0,0,False,2005-2009
2005-12-18,0,0,False,2005-2009
2005-12-25,0,81,False,2005-2009
2006-01-01,0,0,False,2005-2009
2006-01-08,0,72,False,2005-2009
2006-01-15,0,0,False,2005-2009
2006-01-22,0,0,False,2005-2009
2006-01-29,0,0,False,2005-2009
2006-02-05,0,56,False,2005-2009
2006-02-12,0,0,False,2005-2009
2006-02-19,0,61,False,2005-2009
2006-02-26,0,0,False,2005-2009
2006-03-05,0,56,False,2005-2009
2006-03-12,0,0,False,2005-2009
2006-03-19,0,0,False,2005-2009
2006-03-26,0,0,False,2005-2009
2006-04-02,0,0,False,2005-2009
2006-04-09,0,0,False,2005-2009
2006-04-16,0,0,False,2005-2009
2006-04-23,0,0,False,2005-2009
2006-04-30,0,72,False,2005-2009
2006-05-07,0,0,False,2005-2009
2006-05-14,0,60,False,2005-2009
2006-05-21,0,0,False,2005-2009
2006-05-28,0,0,False,2005-2009
2006-06-04,0,0,False,2005-2009
2006-06-11,0,47,False,2005-2009
2006-06-18,51,51,False,2005-2009
2006-06-25,0,54,False,2005-2009
2006-07-02,0,55,False,2005-2009
2006-07-09,0,54,False,2005-2009
2006-07-16,0,59,False,2005-2009
2006-07-23,0,0,False,2005-2009
2006-07-30,53,76,False,2005-2009
2006-08-06,0,0,False,2005-2009
2006-08-13,0,92,False,2005-2009
2006-08-20,0,0,False,2005-2009
2006-08-27,0,53,False,2005-2009
2006-09-03,0,49,False,2005-2009
2006-09-10,0,73,False,2005-2009
2006-09-17,0,71,False,2005-2009
2006-09-24,0,0,False,2005-2009
2006-10-01,0,48,False,2005-2009
2006-10-08,0,55,False,2005-2009
2006-10-15,0,53,False,2005-2009
2006-10-22,0,0,False,2005-2009
2006-10-29,0,54,False,2005-2009
2006-11-05,0,0,False,2005-2009
2006-11-12,0,45,False,2005-2009
2006-11-19,0,72,False,2005-2009
2006-11-26,0,45,False,2005-2009
2006-12-03,0,54,False,2005-2009
2006-12-10,0,0,False,2005-2009
2006-12-17,0,0,False,2005-2009
2006-12-24,0,59,False,2005-2009
2006-12-31,0,0,False,2005-2009
2007-01-07,0,42,False,2005-2009
2007-01-14,0,0,False,2005-2009
2007-01-21,0,0,False,2005-2009
2007-01-28,0,0,False,2005-2009
2007-02-04,0,0,False,2005-2009
2007-02-11,0,46,False,2005-2009
2007-02-18,0,55,False,2005-2009
2007-02-25,0,0,False,2005-2009
2007-03-04,0,50,False,2005-2009
2007-03-11,37,45,False,2005-2009
2007-03-18,0,0,False,2005-2009
2007-03-25,0,54,False,2005-2009
2007-04-01,0,45,False,2005-2009
2007-04-08,0,0,False,2005-2009
2007-04-15,0,42,False,2005-2009
2007-04-22,0,0,False,2005-2009
2007-04-29,0,47,False,2005-2009
2007-05-06,0,62,False,2005-2009
2007-05-13,0,43,False,2005-2009
2007-05-20,0,58,False,2005-2009
2007-05-27,0,0,False,2005-2009
2007-06-03,0,42,False,2005-2009
2007-06-10,0,54,False,2005-2009
2007-06-17,0,37,False,2005-2009
2007-06-24,0,0,False,2005-2009
2007-07-01,0,48,False,2005-2009
2007-07-08,0,61,False,2005-2009
2007-07-15,0,33,False,2005-2009
2007-07-22,30,45,False,2005-2009
2007-07-29,0,0,False,2005-2009
2007-08-05,0,39,False,2005-2009
2007-08-12,0,34,False,2005-2009
2007-08-19,0,36,False,2005-2009
2007-08-26,0,0,False,2005-2009
2007-09-02,0,31,False,2005-2009
2007-09-09,0,32,False,2005-2009
2007-09-16,0,54,False,2005-2009
2007-09-23,0,0,False,2005-2009
2007-09-30,0,53,False,2005-2009
2007-10-07,0,37,False,2005-2009
2007-10-14,46,73,False,2005-2009
2007-10-21,0,37,False,2005-2009
2007-10-28,0,30,False,2005-2009
2007-11-04,0,0,False,2005-2009
2007-11-11,0,32,False,2005-2009
2007-11-18,0,0,False,2005-2009
2007-11-25,0,37,False,2005-2009
2007-12-02,0,33,False,2005-2009
2007-12-09,0,0,False,2005-2009
2007-12-16,0,0,False,2005-2009
2007-12-23,0,41,False,2005-2009
2007-12-30,0,41,False,2005-2009
2008-01-06,0,60,False,2005-2009
2008-01-13,0,37,False,2005-2009
2008-01-20,0,37,False,2005-2009
2008-01-27,0,0,False,2005-2009
2008-02-03,0,34,False,2005-2009
2008-02-10,0,0,False,2005-2009
2008-02-17,0,54,False,2005-2009
2008-02-24,0,0,False,2005-2009
2008-03-02,0,51,False,2005-2009
2008-03-09,0,48,False,2005-2009
2008-03-16,0,57,False,2005-2009
2008-03-23,0,33,False,2005-2009
2008-03-30,0,37,False,2005-2009
2008-04-06,0,47,False,2005-2009
2008-04-13,0,56,False,2005-2009
2008-04-20,0,46,False,2005-2009
2008-04-27,0,42,False,2005-2009
2008-05-04,0,36,False,2005-2009
2008-05-11,0,42,False,2005-2009
2008-05-18,0,25,False,2005-2009
2008-05-25,0,44,False,2005-2009
2008-06-01,0,29,False,2005-2009
2008-06-08,0,41,False,2005-2009
2008-06-15,0,34,False,2005-2009
2008-06-22,0,42,False,2005-2009
2008-06-29,0,53,False,2005-2009
2008-07-06,0,36,False,2005-2009
2008-07-13,0,47,False,2005-2009
2008-07-20,0,36,False,2005-2009
2008-07-27,0,47,False,2005-2009
2008-08-03,0,41,False,2005-2009
2008-08-10,0,0,False,2005-2009
2008-08-17,0,35,False,2005-2009
2008-08-24,0,25,False,2005-2009
2008-08-31,0,47,False,2005-2009
2008-09-07,0,0,False,2005-2009
2008-09-14,0,32,False,2005-2009
2008-09-21,0,28,False,2005-2009
2008-09-28,0,0,False,2005-2009
2008-10-05,0,39,False,2005-2009
2008-10-12,30,0,False,2005-2009
2008-10-19,0,28,False,2005-2009
2008-10-26,0,33,False,2005-2009
2008-11-02,0,52,False,2005-2009
2008-11-09,0,41,False,2005-2009
2008-11-16,0,40,False,2005-2009
2008-11-23,0,43,False,2005-2009
2008-11-30,0,33,False,2005-2009
2008-12-07,0,24,False,2005-2009
2008-12-14,0,26,False,2005-2009
2008-12-21,0,35,False,2005-2009
2008-12-28,0,0,False,2005-2009
2009-01-04,0,31,False,2005-2009
2009-01-11,0,29,False,2005-2009
2009-01-18,0,0,False,2005-2009
2009-01-25,0,0,False,2005-2009
2009-02-01,0,0,False,2005-2009
2009-02-08,0,32,False,2005-2009
2009-02-15,0,45,False,2005-2009
2009-02-22,0,37,False,2005-2009
2009-03-01,0,0,False,2005-2009
2009-03-08,0,0,False,2005-2009
2009-03-15,0,32,False,2005-2009
2009-03-22,0,40,False,2005-2009
2009-03-29,0,56,False,2005-2009
2009-04-05,0,47,False,2005-2009
2009-04-12,0,28,False,2005-2009
2009-04-19,0,26,False,2005-2009
2009-04-26,0,46,False,2005-2009
2009-05-03,0,27,False,2005-2009
2009-05-10,0,26,False,2005-2009
2009-05-17,0,36,False,2005-2009
2009-05-24,0,35,False,2005-2009
2009-05-31,0,31,False,2005-2009
2009-06-07,0,45,False,2005-2009
2009-06-14,0,0,False,2005-2009
2009-06-21,0,25,False,2005-2009
2009-06-28,0,26,False,2005-2009
2009-07-05,0,29,False,2005-2009
2009-07-12,0,30,False,2005-2009
2009-07-19,0,62,False,2005-2009
2009-07-26,0,48,False,2005-2009
2009-08-02,0,35,False,2005-2009
2009-08-09,0,24,False,2005-2009
2009-08-16,0,0,False,2005-2009
2009-08-23,0,28,False,2005-2009
2009-08-30,0,21,False,2005-2009
2009-09-06,0,24,False,2005-2009
2009-09-13,0,32,False,2005-2009
2009-09-20,0,27,False,2005-2009
2009-09-27,0,0,False,2005-2009
2009-10-04,0,23,False,2005-2009
2009-10-11,0,29,False,2005-2009
2009-10-18,0,23,False,2005-2009
2009-10-25,0,31,False,2005-2009
2009-11-01,0,0,False,2005-2009
2009-11-08,0,31,False,2005-2009
2009-11-15,0,32,False,2005-2009
2009-11-22,0,25,False,2005-2009
2009-11-29,0,29,False,2005-2009
2009-12-06,0,34,False,2005-2009
2009-12-13,0,27,False,2005-2009
2009-12-20,0,0,False,2005-2009
2009-12-27,0,0,False,2005-2009
2009-12-27,0,0,False,2010-2014
2010-01-03,0,75,False,2010-2014
2010-01-10,0,0,False,2010-2014
2010-01-17,0,92,False,2010-2014
2010-01-24,0,0,False,2010-2014
2010-01-31,0,44,False,2010-2014
2010-02-07,0,52,False,2010-2014
2010-02-14,0,49,False,2010-2014
2010-02-21,0,76,False,2010-2014
2010-02-28,0,60,False,2010-2014
2010-03-07,0,53,False,2010-2014
2010-03-14,0,60,False,2010-2014
2010-03-21,0,67,False,2010-2014
2010-03-28,0,91,False,2010-2014
2010-04-04,0,0,False,2010-2014
2010-04-11,0,42,False,2010-2014
2010-04-18,0,0,False,2010-2014
2010-04-25,46,80,False,2010-2014
2010-05-02,0,80,False,2010-2014
2010-05-09,0,0,False,2010-2014
2010-05-16,0,76,False,2010-2014
2010-05-23,0,56,False,2010-2014
2010-05-30,0,38,False,2010-2014
2010-06-06,0,0,False,2010-2014
2010-06-13,0,0,False,2010-2014
2010-06-20,0,0,False,2010-2014
2010-06-27,0,0,False,2010-2014
2010-07-04,0,37,False,2010-2014
2010-07-11,0,40,False,2010-2014
2010-07-18,0,0,False,2010-2014
2010-07-25,0,0,False,2010-2014
2010-08-01,0,51,False,2010-2014
2010-08-08,0,49,False,2010-2014
2010-08-15,38,47,False,2010-2014
2010-08-22,0,58,False,2010-2014
2010-08-29,0,49,False,2010-2014
2010-09-05,0,56,False,2010-2014
2010-09-12,0,0,False,2010-2014
2010-09-19,0,0,False,2010-2014
2010-09-26,0,53,False,2010-2014
2010-10-03,0,0,False,2010-2014
2010-10-10,0,47,False,2010-2014
2010-10-17,0,49,False,2010-2014
2010-10-24,0,0,False,2010-2014
2010-10-31,0,48,False,2010-2014
2010-11-07,0,0,False,2010-2014
2010-11-14,0,48,False,2010-2014
2010-11-21,0,39,False,2010-2014
2010-11-28,0,59,False,2010-2014
2010-12-05,0,41,False,2010-2014
2010-12-12,0,50,False,2010-2014
2010-12-19,0,44,False,2010-2014
2010-12-26,0,50,False,2010-2014
2011-01-02,0,40,False,2010-2014
2011-01-09,0,51,False,2010-2014
2011-01-16,0,36,False,2010-2014
2011-01-23,0,52,False,2010-2014
2011-01-30,0,59,False,2010-2014
2011-02-06,0,64,False,2010-2014
2011-02-13,0,53,False,2010-2014
2011-02-20,0,44,False,2010-2014
2011-02-27,0,45,False,2010-2014
2011-03-06,0,40,False,2010-2014
2011-03-13,0,100,False,2010-2014
2011-03-20,0,0,False,2010-2014
2011-03-27,0,0,False,2010-2014
2011-04-03,32,26,False,2010-2014
2011-04-10,0,32,False,2010-2014
2011-04-17,0,39,False,2010-2014
2011-04-24,0,43,False,2010-2014
2011-05-01,0,27,False,2010-2014
2011-05-08,0,25,False,2010-2014
2011-05-15,0,30,False,2010-2014
2011-05-22,0,27,False,2010-2014
2011-05-29,0,48,False,2010-2014
2011-06-05,0,42,False,2010-2014
2011-06-12,0,48,False,2010-2014
2011-06-19,0,0,False,2010-2014
2011-06-26,0,43,False,2010-2014
2011-07-03,0,35,False,2010-2014
2011-07-10,0,42,False,2010-2014
2011-07-17,0,43,False,2010-2014
2011-07-24,0,29,False,2010-2014
2011-07-31,0,31,False,2010-2014
2011-08-07,22,29,False,2010-2014
2011-08-14,0,28,False,2010-2014
2011-08-21,23,38,False,2010-2014
2011-08-28,0,43,False,2010-2014
2011-09-04,0,24,False,2010-2014
2011-09-11,0,35,False,2010-2014
2011-09-18,0,0,False,2010-2014
2011-09-25,0,52,False,2010-2014
2011-10-02,0,32,False,2010-2014
2011-10-09,21,38,False,2010-2014
2011-10-16,0,29,False,2010-2014
2011-10-23,22,39,False,2010-2014
2011-10-30,21,31,False,2010-2014
2011-11-06,0,34,False,2010-2014
2011-11-13,0,34,False,2010-2014
2011-11-20,0,35,False,2010-2014
2011-11-27,0,0,False,2010-2014
2011-12-04,0,23,False,2010-2014
2011-12-11,0,41,False,2010-2014
2011-12-18,0,0,False,2010-2014
2011-12-25,0,42,False,2010-2014
2012-01-01,0,32,False,2010-2014
2012-01-08,0,26,False,2010-2014
2012-01-15,0,19,False,2010-2014
2012-01-22,0,47,False,2010-2014
2012-01-29,0,24,False,2010-2014
2012-02-05,0,31,False,2010-2014
2012-02-12,0,37,False,2010-2014
2012-02-19,0,35,False,2010-2014
2012-02-26,0,37,False,2010-2014
2012-03-04,0,32,False,2010-2014
2012-03-11,0,33,False,2010-2014
2012-03-18,0,46,False,2010-2014
2012-03-25,0,37,False,2010-2014
2012-04-01,0,39,False,2010-2014
2012-04-08,0,35,False,2010-2014
2012-04-15,0,51,False,2010-2014
2012-04-22,0,44,False,2010-2014
2012-04-29,17,17,False,2010-2014
2012-05-06,0,23,False,2010-2014
2012-05-13,0,30,False,2010-2014
2012-05-20,0,28,False,2010-2014
2012-05-27,0,27,False,2010-2014
2012-06-03,0,34,False,2010-2014
2012-06-10,0,37,False,2010-2014
2012-06-17,0,30,False,2010-2014
2012-06-24,0,32,False,2010-2014
2012-07-01,0,26,False,2010-2014
2012-07-08,0,29,False,2010-2014
2012-07-15,0,19,False,2010-2014
2012-07-22,0,38,False,2010-2014
2012-07-29,19,24,False,2010-2014
2012-08-05,0,24,False,2010-2014
2012-08-12,0,22,False,2010-2014
2012-08-19,0,25,False,2010-2014
2012-08-26,0,32,False,2010-2014
2012-09-02,0,27,False,2010-2014
2012-09-09,0,37,False,2010-2014
2012-09-16,0,30,False,2010-2014
2012-09-23,0,27,False,2010-2014
2012-09-30,0,28,False,2010-2014
2012-10-07,0,16,False,2010-2014
2012-10-14,15,26,False,2010-2014
2012-10-21,0,31,False,2010-2014
2012-10-28,0,37,False,2010-2014
2012-11-04,0,23,False,2010-2014
2012-11-11,0,26,False,2010-2014
2012-11-18,19,27,False,2010-2014
2012-11-25,0,19,False,2010-2014
2012-12-02,0,33,False,2010-2014
2012-12-09,0,22,False,2010-2014
2012-12-16,0,24,False,2010-2014
2012-12-23,0,26,False,2010-2014
2012-12-30,0,17,False,2010-2014
2013-01-06,0,27,False,2010-2014
2013-01-13,0,21,False,2010-2014
2013-01-20,0,21,False,2010-2014
2013-01-27,0,29,False,2010-2014
2013-02-03,0,31,False,2010-2014
2013-02-10,0,22,False,2010-2014
2013-02-17,0,14,False,2010-2014
2013-02-24,0,28,False,2010-2014
2013-03-03,0,28,False,2010-2014
2013-03-10,12,32,False,2010-2014
2013-03-17,23,26,False,2010-2014
2013-03-24,0,31,False,2010-2014
2013-03-31,16,32,False,2010-2014
2013-04-07,15,27,False,2010-2014
2013-04-14,17,36,False,2010-2014
2013-04-21,13,30,False,2010-2014
2013-04-28,0,19,False,2010-2014
2013-05-05,0,25,False,2010-2014
2013-05-12,0,19,False,2010-2014
2013-05-19,14,21,False,2010-2014
2013-05-26,14,22,False,2010-2014
2013-06-02,0,21,False,2010-2014
2013-06-09,0,25,False,2010-2014
2013-06-16,0,19,False,2010-2014
2013-06-23,0,43,False,2010-2014
2013-06-30,0,36,False,2010-2014
2013-07-07,11,23,False,2010-2014
2013-07-14,0,22,False,2010-2014
2013-07-21,18,24,False,2010-2014
2013-07-28,0,20,False,2010-2014
2013-08-04,12,26,False,2010-2014
2013-08-11,0,23,False,2010-2014
2013-08-18,0,26,False,2010-2014
2013-08-25,0,23,False,2010-2014
2013-09-01,0,22,False,2010-2014
2013-09-08,0,23,False,2010-2014
2013-09-15,0,20,False,2010-2014
2013-09-22,0,23,False,2010-2014
2013-09-29,0,27,False,2010-2014
2013-10-06,0,18,False,2010-2014
2013-10-13,0,24,False,2010-2014
2013-10-20,0,16,False,2010-2014
2013-10-27,14,17,False,2010-2014
2013-11-03,12,27,False,2010-2014
2013-11-10,0,22,False,2010-2014
2013-11-17,0,23,False,2010-2014
2013-11-24,0,15,False,2010-2014
2013-12-01,0,25,False,2010-2014
2013-12-08,0,28,False,2010-2014
2013-12-15,0,14,False,2010-2014
2013-12-22,17,27,False,2010-2014
2013-12-29,12,35,False,2010-2014
2014-01-05,0,24,False,2010-2014
2014-01-12,0,20,False,2010-2014
2014-01-19,0,24,False,2010-2014
2014-01-26,0,25,False,2010-2014
2014-02-02,0,28,False,2010-2014
2014-02-09,0,38,False,2010-2014
2014-02-16,0,26,False,2010-2014
2014-02-23,0,21,False,2010-2014
2014-03-02,0,18,False,2010-2014
2014-03-09,15,31,False,2010-2014
2014-03-16,0,22,False,2010-2014
2014-03-23,10,27,False,2010-2014
2014-03-30,18,29,False,2010-2014
2014-04-06,15,43,False,2010-2014
2014-04-13,0,37,False,2010-2014
2014-04-20,13,33,False,2010-2014
2014-04-27,11,27,False,2010-2014
2014-05-04,0,23,False,2010-2014
2014-05-11,11,26,False,2010-2014
2014-05-18,0,28,False,2010-2014
2014-05-25,0,30,False,2010-2014
2014-06-01,0,35,False,2010-2014
2014-06-08,0,0,False,2010-2014
2014-06-15,0,32,False,2010-2014
2014-06-22,13,22,False,2010-2014
2014-06-29,15,23,False,2010-2014
2014-07-06,11,30,False,2010-2014
2014-07-13,11,22,False,2010-2014
2014-07-20,16,29,False,2010-2014
2014-07-27,13,26,False,2010-2014
2014-08-03,0,31,False,2010-2014
2014-08-10,12,23,False,2010-2014
2014-08-17,16,24,False,2010-2014
2014-08-24,0,25,False,2010-2014
2014-08-31,0,27,False,2010-2014
2014-09-07,0,24,False,2010-2014
2014-09-14,0,26,False,2010-2014
2014-09-21,13,23,False,2010-2014
2014-09-28,13,23,False,2010-2014
2014-10-05,14,28,False,2010-2014
2014-10-12,11,35,False,2010-2014
2014-10-19,13,37,False,2010-2014
2014-10-26,0,27,False,2010-2014
2014-11-02,12,24,False,2010-2014
2014-11-09,16,25,False,2010-2014
2014-11-16,13,20,False,2010-2014
2014-11-23,0,20,False,2010-2014
2014-11-30,0,21,False,2010-2014
2014-12-07,18,25,False,2010-2014
2014-12-14,0,28,False,2010-2014
2014-12-21,14,28,False,2010-2014
2014-12-28,18,39,False,2010-2014
2014-12-28,35,72,False,2015-2019
2015-01-04,0,34,False,2015-2019
2015-01-11,0,49,False,2015-2019
2015-01-18,0,49,False,2015-2019
2015-01-25,0,53,False,2015-2019
2015-02-01,0,47,False,2015-2019
2015-02-08,0,34,False,2015-2019
2015-02-15,0,52,False,2015-2019
2015-02-22,20,47,False,2015-2019
2015-03-01,0,45,False,2015-2019
2015-03-08,0,47,False,2015-2019
2015-03-15,20,65,False,2015-2019
2015-03-22,26,67,False,2015-2019
2015-03-29,20,63,False,2015-2019
2015-04-05,25,71,False,2015-2019
2015-04-12,33,46,False,2015-2019
2015-04-19,33,47,False,2015-2019
2015-04-26,0,42,False,2015-2019
2015-05-03,25,50,False,2015-2019
2015-05-10,21,51,False,2015-2019
2015-05-17,24,74,False,2015-2019
2015-05-24,0,55,False,2015-2019
2015-05-31,20,65,False,2015-2019
2015-06-07,20,58,False,2015-2019
2015-06-14,24,43,False,2015-2019
2015-06-21,23,63,False,2015-2019
2015-06-28,18,38,False,2015-2019
2015-07-05,34,49,False,2015-2019
2015-07-12,24,36,False,2015-2019
2015-07-19,20,47,False,2015-2019
2015-07-26,21,51,False,2015-2019
2015-08-02,33,57,False,2015-2019
2015-08-09,28,64,False,2015-2019
2015-08-16,25,34,False,2015-2019
2015-08-23,17,43,False,2015-2019
2015-08-30,0,40,False,2015-2019
2015-09-06,0,24,False,2015-2019
2015-09-13,31,52,False,2015-2019
2015-09-20,22,46,False,2015-2019
2015-09-27,22,47,False,2015-2019
2015-10-04,27,37,False,2015-2019
2015-10-11,19,52,False,2015-2019
2015-10-18,34,42,False,2015-2019
2015-10-25,0,48,False,2015-2019
2015-11-01,0,42,False,2015-2019
2015-11-08,27,34,False,2015-2019
2015-11-15,0,50,False,2015-2019
2015-11-22,31,28,False,2015-2019
2015-11-29,0,38,False,2015-2019
2015-12-06,29,36,False,2015-2019
2015-12-13,26,46,False,2015-2019
2015-12-20,0,40,False,2015-2019
2015-12-27,25,65,False,2015-2019
2016-01-03,18,49,False,2015-2019
2016-01-10,0,47,False,2015-2019
2016-01-17,19,35,False,2015-2019
2016-01-24,0,44,False,2015-2019
2016-01-31,21,40,False,2015-2019
2016-02-07,0,50,False,2015-2019
2016-02-14,0,52,False,2015-2019
2016-02-21,26,63,False,2015-2019
2016-02-28,24,40,False,2015-2019
2016-03-06,31,49,False,2015-2019
2016-03-13,28,56,False,2015-2019
2016-03-20,36,63,False,2015-2019
2016-03-27,30,60,False,2015-2019
2016-04-03,37,57,False,2015-2019
2016-04-10,28,69,False,2015-2019
2016-04-17,24,55,False,2015-2019
2016-04-24,0,51,False,2015-2019
2016-05-01,26,52,False,2015-2019
2016-05-08,19,48,False,2015-2019
2016-05-15,39,47,False,2015-2019
2016-05-22,25,77,False,2015-2019
2016-05-29,21,52,False,2015-2019
2016-06-05,20,43,False,2015-2019
2016-06-12,25,55,False,2015-2019
2016-06-19,31,54,False,2015-2019
2016-06-26,24,49,False,2015-2019
2016-07-03,34,63,False,2015-2019
2016-07-10,30,62,False,2015-2019
2016-07-17,17,68,False,2015-2019
2016-07-24,19,54,False,2015-2019
2016-07-31,0,62,False,2015-2019
2016-08-07,27,56,False,2015-2019
2016-08-14,0,50,False,2015-2019
2016-08-21,29,47,False,2015-2019
2016-08-28,30,25,False,2015-2019
2016-09-04,23,53,False,2015-2019
2016-09-11,25,60,False,2015-2019
2016-09-18,18,41,False,2015-2019
2016-09-25,0,30,False,2015-2019
2016-10-02,24,49,False,2015-2019
2016-10-09,26,55,False,2015-2019
2016-10-16,20,49,False,2015-2019
2016-10-23,33,58,False,2015-2019
2016-10-30,48,58,False,2015-2019
2016-11-06,19,31,False,2015-2019
2016-11-13,37,56,False,2015-2019
2016-11-20,24,74,False,2015-2019
2016-11-27,0,68,False,2015-2019
2016-12-04,22,52,False,2015-2019
2016-12-11,31,47,False,2015-2019
2016-12-18,0,62,False,2015-2019
2016-12-25,30,55,False,2015-2019
2017-01-01,19,52,False,2015-2019
2017-01-08,17,40,False,2015-2019
2017-01-15,0,37,False,2015-2019
2017-01-22,24,41,False,2015-2019
2017-01-29,18,37,False,2015-2019
2017-02-05,23,47,False,2015-2019
2017-02-12,15,50,False,2015-2019
2017-02-19,27,48,False,2015-2019
2017-02-26,0,44,False,2015-2019
2017-03-05,16,35,False,2015-2019
2017-03-12,35,37,False,2015-2019
2017-03-19,26,47,False,2015-2019
2017-03-26,31,35,False,2015-2019
2017-04-02,45,80,False,2015-2019
2017-04-09,46,72,False,2015-2019
2017-04-16,29,68,False,2015-2019
2017-04-23,30,60,False,2015-2019
2017-04-30,17,49,False,2015-2019
2017-05-07,25,42,False,2015-2019
2017-05-14,36,46,False,2015-2019
2017-05-21,0,59,False,2015-2019
2017-05-28,0,43,False,2015-2019
2017-06-04,19,48,False,2015-2019
2017-06-11,28,44,False,2015-2019
2017-06-18,22,57,False,2015-2019
2017-06-25,26,42,False,2015-2019
2017-07-02,21,44,False,2015-2019
2017-07-09,0,60,False,2015-2019
2017-07-16,18,36,False,2015-2019
2017-07-23,0,51,False,2015-2019
2017-07-30,21,56,False,2015-2019
2017-08-06,21,40,False,2015-2019
2017-08-13,21,42,False,2015-2019
2017-08-20,21,51,False,2015-2019
2017-08-27,16,40,False,2015-2019
2017-09-03,0,48,False,2015-2019
2017-09-10,0,55,False,2015-2019
2017-09-17,20,47,False,2015-2019
2017-09-24,26,52,False,2015-2019
2017-10-01,36,52,False,2015-2019
2017-10-08,21,47,False,2015-2019
2017-10-15,25,56,False,2015-2019
2017-10-22,29,56,False,2015-2019
2017-10-29,34,54,False,2015-2019
2017-11-05,29,63,False,2015-2019
2017-11-12,30,38,False,2015-2019
2017-11-19,22,71,False,2015-2019
2017-11-26,0,53,False,2015-2019
2017-12-03,0,59,False,2015-2019
2017-12-10,17,50,False,2015-2019
2017-12-17,23,55,False,2015-2019
2017-12-24,25,62,False,2015-2019
2017-12-31,39,63,False,2015-2019
2018-01-07,18,51,False,2015-2019
2018-01-14,23,53,False,2015-2019
2018-01-21,0,46,False,2015-2019
2018-01-28,0,38,False,2015-2019
2018-02-04,0,57,False,2015-2019
2018-02-11,18,36,False,2015-2019
2018-02-18,22,48,False,2015-2019
2018-02-25,25,37,False,2015-2019
2018-03-04,0,39,False,2015-2019
2018-03-11,25,58,False,2015-2019
2018-03-18,37,61,False,2015-2019
2018-03-25,23,47,False,2015-2019
2018-04-01,32,76,False,2015-2019
2018-04-08,35,71,False,2015-2019
2018-04-15,20,61,False,2015-2019
2018-04-22,33,61,False,2015-2019
2018-04-29,21,50,False,2015-2019
2018-05-06,22,64,False,2015-2019
2018-05-13,30,52,False,2015-2019
2018-05-20,32,72,False,2015-2019
2018-05-27,28,47,False,2015-2019
2018-06-03,21,59,False,2015-2019
2018-06-10,23,52,False,2015-2019
2018-06-17,23,56,False,2015-2019
2018-06-24,33,52,False,2015-2019
2018-07-01,34,56,False,2015-2019
2018-07-08,41,63,False,2015-2019
2018-07-15,19,58,False,2015-2019
2018-07-22,17,65,False,2015-2019
2018-07-29,0,60,False,2015-2019
2018-08-05,18,43,False,2015-2019
2018-08-12,23,41,False,2015-2019
2018-08-19,17,42,False,2015-2019
2018-08-26,17,41,False,2015-2019
2018-09-02,25,61,False,2015-2019
2018-09-09,27,55,False,2015-2019
2018-09-16,21,60,False,2015-2019
2018-09-23,16,48,False,2015-2019
2018-09-30,30,71,False,2015-2019
2018-10-07,37,62,False,2015-2019
2018-10-14,17,55,False,2015-2019
2018-10-21,17,49,False,2015-2019
2018-10-28,25,62,False,2015-2019
2018-11-04,20,57,False,2015-2019
2018-11-11,28,47,False,2015-2019
2018-11-18,23,50,False,2015-2019
2018-11-25,24,41,False,2015-2019
2018-12-02,0,53,False,2015-2019
2018-12-09,0,29,False,2015-2019
2018-12-16,19,50,False,2015-2019
2018-12-23,17,56,False,2015-2019
2018-12-30,0,45,False,2015-2019
2019-01-06,0,44,False,2015-2019
2019-01-13,0,49,False,2015-2019
2019-01-20,28,52,False,2015-2019
2019-01-27,15,39,False,2015-2019
2019-02-03,0,46,False,2015-2019
2019-02-10,0,50,False,2015-2019
2019-02-17,0,43,False,2015-2019
2019-02-24,15,37,False,2015-2019
2019-03-03,0,38,False,2015-2019
2019-03-10,27,54,False,2015-2019
2019-03-17,23,47,False,2015-2019
2019-03-24,45,54,False,2015-2019
2019-03-31,42,67,False,2015-2019
2019-04-07,34,71,False,2015-2019
2019-04-14,40,53,False,2015-2019
2019-04-21,20,68,False,2015-2019
2019-04-28,19,49,False,2015-2019
2019-05-05,17,32,False,2015-2019
2019-05-12,23,55,False,2015-2019
2019-05-19,20,47,False,2015-2019
2019-05-26,34,52,False,2015-2019
2019-06-02,21,61,False,2015-2019
2019-06-09,28,50,False,2015-2019
2019-06-16,22,61,False,2015-2019
2019-06-23,0,49,False,2015-2019
2019-06-30,19,49,False,2015-2019
2019-07-07,25,53,False,2015-2019
2019-07-14,0,50,False,2015-2019
2019-07-21,26,43,False,2015-2019
2019-07-28,23,32,False,2015-2019
2019-08-04,0,46,False,2015-2019
2019-08-11,33,58,False,2015-2019
2019-08-18,19,45,False,2015-2019
2019-08-25,18,44,False,2015-2019
2019-09-01,0,46,False,2015-2019
2019-09-08,29,39,False,2015-2019
2019-09-15,24,43,False,2015-2019
2019-09-22,24,57,False,2015-2019
2019-09-29,30,68,False,2015-2019
2019-10-06,36,100,False,2015-2019
2019-10-13,26,56,False,2015-2019
2019-10-20,38,63,False,2015-2019
2019-10-27,19,57,False,2015-2019
2019-11-03,24,56,False,2015-2019
2019-11-10,42,51,False,2015-2019
2019-11-17,16,58,False,2015-2019
2019-11-24,26,54,False,2015-2019
2019-12-01,23,60,False,2015-2019
2019-12-08,0,43,False,2015-2019
2019-12-15,17,39,False,2015-2019
2019-12-22,32,45,False,2015-2019
2019-12-29,16,59,False,2015-2019
2019-12-29,20,76,False,2020-2024
2020-01-05,0,59,False,2020-2024
2020-01-12,23,57,False,2020-2024
2020-01-19,0,61,False,2020-2024
2020-01-26,21,52,False,2020-2024
2020-02-02,24,53,False,2020-2024
2020-02-09,33,52,False,2020-2024
2020-02-16,0,59,False,2020-2024
2020-02-23,17,78,False,2020-2024
2020-03-01,26,60,False,2020-2024
2020-03-08,0,43,False,2020-2024
2020-03-15,0,64,False,2020-2024
2020-03-22,0,39,False,2020-2024
2020-03-29,0,25,False,2020-2024
2020-04-05,0,0,False,2020-2024
2020-04-12,0,0,False,2020-2024
2020-04-19,0,20,False,2020-2024
2020-04-26,0,0,False,2020-2024
2020-05-03,0,0,False,2020-2024
2020-05-10,0,18,False,2020-2024
2020-05-17,0,22,False,2020-2024
2020-05-24,0,22,False,2020-2024
2020-05-31,0,17,False,2020-2024
2020-06-07,0,25,False,2020-2024
2020-06-14,0,26,False,2020-2024
2020-06-21,0,26,False,2020-2024
2020-06-28,0,21,False,2020-2024
2020-07-05,0,23,False,2020-2024
2020-07-12,0,38,False,2020-2024
2020-07-19,0,40,False,2020-2024
2020-07-26,0,34,False,2020-2024
2020-08-02,0,26,False,2020-2024
2020-08-09,0,18,False,2020-2024
2020-08-16,0,24,False,2020-2024
2020-08-23,0,28,False,2020-2024
2020-08-30,0,33,False,2020-2024
2020-09-06,0,46,False,2020-2024
2020-09-13,0,58,False,2020-2024
2020-09-20,0,34,False,2020-2024
2020-09-27,0,56,False,2020-2024
2020-10-04,0,55,False,2020-2024
2020-10-11,23,46,False,2020-2024
2020-10-18,0,51,False,2020-2024
2020-10-25,0,56,False,2020-2024
2020-11-01,0,56,False,2020-2024
2020-11-08,0,41,False,2020-2024
2020-11-15,20,49,False,2020-2024
2020-11-22,0,29,False,2020-2024
2020-11-29,0,22,False,2020-2024
2020-12-06,0,37,False,2020-2024
2020-12-13,0,35,False,2020-2024
2020-12-20,0,42,False,2020-2024
2020-12-27,0,0,False,2020-2024
2021-01-03,0,27,False,2020-2024
2021-01-10,0,18,False,2020-2024
2021-01-17,0,0,False,2020-2024
2021-01-24,0,22,False,2020-2024
2021-01-31,0,0,False,2020-2024
2021-02-07,0,0,False,2020-2024
2021-02-14,0,19,False,2020-2024
2021-02-21,0,28,False,2020-2024
2021-02-28,0,24,False,2020-2024
2021-03-07,0,24,False,2020-2024
2021-03-14,0,32,False,2020-2024
2021-03-21,0,0,False,2020-2024
2021-03-28,0,0,False,2020-2024
2021-04-04,0,0,False,2020-2024
2021-04-11,0,18,False,2020-2024
2021-04-18,0,23,False,2020-2024
2021-04-25,0,24,False,2020-2024
2021-05-02,0,0,False,2020-2024
2021-05-09,0,0,False,2020-2024
2021-05-16,0,0,False,2020-2024
2021-05-23,0,24,False,2020-2024
2021-05-30,0,18,False,2020-2024
2021-06-06,0,0,False,2020-2024
2021-06-13,0,20,False,2020-2024
2021-06-20,0,24,False,2020-2024
2021-06-27,0,27,False,2020-2024
2021-07-04,0,0,False,2020-2024
2021-07-11,0,29,False,2020-2024
2021-07-18,0,31,False,2020-2024
2021-07-25,0,17,False,2020-2024
2021-08-01,0,27,False,2020-2024
2021-08-08,0,27,False,2020-2024
2021-08-15,0,20,False,2020-2024
2021-08-22,0,0,False,2020-2024
2021-08-29,0,0,False,2020-2024
2021-09-05,0,0,False,2020-2024
2021-09-12,0,0,False,2020-2024
2021-09-19,0,0,False,2020-2024
2021-09-26,0,19,False,2020-2024
2021-10-03,0,24,False,2020-2024
2021-10-10,0,0,False,2020-2024
2021-10-17,0,26,False,2020-2024
2021-10-24,0,30,False,2020-2024
2021-10-31,0,30,False,2020-2024
2021-11-07,0,25,False,2020-2024
2021-11-14,0,26,False,2020-2024
2021-11-21,0,23,False,2020-2024
2021-11-28,0,26,False,2020-2024
2021-12-05,0,32,False,2020-2024
2021-12-12,0,0,False,2020-2024
2021-12-19,0,25,False,2020-2024
2021-12-26,0,0,False,2020-2024
2022-01-02,0,24,False,2020-2024
2022-01-09,0,22,False,2020-2024
2022-01-16,0,21,False,2020-2024
2022-01-23,0,22,False,2020-2024
2022-01-30,0,21,False,2020-2024
2022-02-06,0,20,False,2020-2024
2022-02-13,0,21,False,2020-2024
2022-02-20,0,26,False,2020-2024
2022-02-27,14,35,False,2020-2024
2022-03-06,0,38,False,2020-2024
2022-03-13,0,44,False,2020-2024
2022-03-20,0,37,False,2020-2024
2022-03-27,0,25,False,2020-2024
2022-04-03,0,44,False,2020-2024
2022-04-10,19,43,False,2020-2024
2022-04-17,0,31,False,2020-2024
2022-04-24,0,38,False,2020-2024
2022-05-01,0,30,False,2020-2024
2022-05-08,0,38,False,2020-2024
2022-05-15,0,31,False,2020-2024
2022-05-22,0,36,False,2020-2024
2022-05-29,0,25,False,2020-2024
2022-06-05,0,46,False,2020-2024
2022-06-12,0,33,False,2020-2024
2022-06-19,0,27,False,2020-2024
2022-06-26,0,36,False,2020-2024
2022-07-03,0,39,False,2020-2024
2022-07-10,18,42,False,2020-2024
2022-07-17,0,34,False,2020-2024
2022-07-24,0,38,False,2020-2024
2022-07-31,0,29,False,2020-2024
2022-08-07,0,27,False,2020-2024
2022-08-14,0,28,False,2020-2024
2022-08-21,0,33,False,2020-2024
2022-08-28,0,39,False,2020-2024
2022-09-04,0,33,False,2020-2024
2022-09-11,0,22,False,2020-2024
2022-09-18,0,35,False,2020-2024
2022-09-25,0,31,False,2020-2024
2022-10-02,0,27,False,2020-2024
2022-10-09,0,45,False,2020-2024
2022-10-16,22,61,False,2020-2024
2022-10-23,24,51,False,2020-2024
2022-10-30,0,46,False,2020-2024
2022-11-06,20,54,False,2020-2024
2022-11-13,0,42,False,2020-2024
2022-11-20,18,50,False,2020-2024
2022-11-27,17,48,False,2020-2024
2022-12-04,17,51,False,2020-2024
2022-12-11,0,58,False,2020-2024
2022-12-18,14,62,False,2020-2024
2022-12-25,27,45,False,2020-2024
2023-01-01,0,54,False,2020-2024
2023-01-08,14,37,False,2020-2024
2023-01-15,13,44,False,2020-2024
2023-01-22,19,37,False,2020-2024
2023-01-29,0,46,False,2020-2024
2023-02-05,0,47,False,2020-2024
2023-02-12,0,54,False,2020-2024
2023-02-19,25,73,False,2020-2024
2023-02-26,0,52,False,2020-2024
2023-03-05,15,47,False,2020-2024
2023-03-12,22,52,False,2020-2024
2023-03-19,34,57,False,2020-2024
2023-03-26,38,59,False,2020-2024
2023-04-02,41,67,False,2020-2024
2023-04-09,25,80,False,2020-2024
2023-04-16,26,71,False,2020-2024
2023-04-23,23,73,False,2020-2024
2023-04-30,22,60,False,2020-2024
2023-05-07,37,55,False,2020-2024
2023-05-14,27,63,False,2020-2024
2023-05-21,26,56,False,2020-2024
2023-05-28,0,51,False,2020-2024
2023-06-04,29,55,False,2020-2024
2023-06-11,17,62,False,2020-2024
2023-06-18,16,53,False,2020-2024
2023-06-25,17,59,False,2020-2024
2023-07-02,27,60,False,2020-2024
2023-07-09,0,54,False,2020-2024
2023-07-16,22,51,False,2020-2024
2023-07-23,18,72,False,2020-2024
2023-07-30,0,69,False,2020-2024
2023-08-06,14,57,False,2020-2024
2023-08-13,27,49,False,2020-2024
2023-08-20,14,36,False,2020-2024
2023-08-27,14,45,False,2020-2024
2023-09-03,30,61,False,2020-2024
2023-09-10,34,56,False,2020-2024
2023-09-17,23,67,False,2020-2024
2023-09-24,24,52,False,2020-2024
2023-10-01,27,68,False,2020-2024
2023-10-08,36,64,False,2020-2024
2023-10-15,15,71,False,2020-2024
2023-10-22,45,71,False,2020-2024
2023-10-29,28,79,False,2020-2024
2023-11-05,30,59,False,2020-2024
2023-11-12,31,76,False,2020-2024
2023-11-19,29,61,False,2020-2024
2023-11-26,25,45,False,2020-2024
2023-12-03,27,69,False,2020-2024
2023-12-10,18,46,False,2020-2024
2023-12-17,28,61,False,2020-2024
2023-12-24,29,87,False,2020-2024
2023-12-31,27,57,False,2020-2024
2024-01-07,16,34,False,2020-2024
2024-01-14,16,49,False,2020-2024
2024-01-21,0,53,False,2020-2024
2024-01-28,0,58,False,2020-2024
2024-02-04,17,60,False,2020-2024
2024-02-11,22,41,False,2020-2024
2024-02-18,23,50,False,2020-2024
2024-02-25,0,57,False,2020-2024
2024-03-03,0,74,False,2020-2024
2024-03-10,22,57,False,2020-2024
2024-03-17,21,78,False,2020-2024
2024-03-24,48,100,False,2020-2024
2024-03-31,34,86,False,2020-2024
2024-04-07,33,66,False,2020-2024
2024-04-14,43,92,False,2020-2024
2024-04-21,27,61,False,2020-2024
2024-04-28,23,61,False,2020-2024
2024-05-05,28,82,False,2020-2024
2024-05-12,37,82,False,2020-2024
2024-05-19,46,66,False,2020-2024
2024-05-26,26,70,False,2020-2024
2024-06-02,26,73,False,2020-2024
2024-06-09,32,63,False,2020-2024
2024-06-16,0,52,False,2020-2024
2024-06-23,0,57,False,2020-2024
2024-06-30,39,87,False,2020-2024
2024-07-07,33,50,False,2020-2024
2024-07-14,25,71,False,2020-2024
2024-07-21,17,61,False,2020-2024
2024-07-28,0,56,False,2020-2024
2024-08-04,22,54,False,2020-2024
2024-08-11,23,55,False,2020-2024
2024-08-18,0,46,False,2020-2024
2024-08-25,38,96,False,2020-2024
2024-09-01,20,76,False,2020-2024
2024-09-08,30,73,False,2020-2024
2024-09-15,39,64,False,2020-2024
2024-09-22,34,69,False,2020-2024
2024-09-29,38,69,False,2020-2024
2024-10-06,29,88,False,2020-2024
2024-10-13,41,62,False,2020-2024
2024-10-20,27,67,False,2020-2024
2024-10-27,54,75,False,2020-2024
2024-11-03,37,81,False,2020-2024
2024-11-10,39,85,False,2020-2024
2024-11-17,38,96,False,2020-2024
2024-11-24,24,78,False,2020-2024
2024-12-01,21,56,False,2020-2024
2024-12-08,24,52,False,2020-2024
2024-12-15,29,58,False,2020-2024
2024-12-22,26,78,False,2020-2024
2024-12-29,0,70,False,2020-2024
2024-12-29,0,72,False,2025-2025
2025-01-05,0,47,False,2025-2025
2025-01-12,34,72,False,2025-2025
2025-01-19,24,65,False,2025-2025
2025-01-26,25,53,False,2025-2025
2025-02-02,19,60,False,2025-2025
2025-02-09,24,50,False,2025-2025
2025-02-16,28,77,False,2025-2025
2025-02-23,20,61,False,2025-2025
2025-03-02,23,84,False,2025-2025
2025-03-09,46,75,False,2025-2025
2025-03-16,43,93,False,2025-2025
2025-03-23,25,72,False,2025-2025
2025-03-30,49,85,False,2025-2025
2025-04-06,38,83,False,2025-2025
2025-04-13,42,84,False,2025-2025
2025-04-20,40,100,False,2025-2025
2025-04-27,30,92,False,2025-2025
2025-05-04,26,78,False,2025-2025
2025-05-11,39,56,False,2025-2025
2025-05-18,41,73,False,2025-2025
2025-05-25,36,87,False,2025-2025
2025-06-01,40,90,False,2025-2025
2025-06-08,32,83,False,2025-2025
2025-06-15,32,72,False,2025-2025
2025-06-22,27,41,False,2025-2025
2025-06-29,18,52,False,2025-2025
2025-07-06,24,56,False,2025-2025
2025-07-13,0,64,False,2025-2025
2025-07-20,26,43,False,2025-2025
2025-07-27,28,68,False,2025-2025
2025-08-03,29,90,False,2025-2025
2025-08-10,21,72,False,2025-2025
2025-08-17,27,43,False,2025-2025
2025-08-24,30,45,False,2025-2025
2025-08-31,0,58,False,2025-2025
2025-09-07,28,61,False,2025-2025
2025-09-14,45,99,False,2025-2025
2025-09-21,41,75,False,2025-2025
2025-09-28,18,73,False,2025-2025
2025-10-05,26,70,False,2025-2025
2025-10-12,49,90,False,2025-2025
2025-10-19,48,86,False,2025-2025
2025-10-26,38,84,False,2025-2025
2025-11-02,38,85,False,2025-2025
2025-11-09,36,100,True,2025-2025
