date,trend_interest,Country,Visitor_Arrivals
2005-01-01,0,China,48412.0
2005-02-01,0,China,51101.0
2005-03-01,0,China,50649.0
2005-04-01,0,China,56321.0
2005-05-01,0,China,50721.0
2005-06-01,0,China,44086.0
2005-07-01,0,China,60844.0
2005-08-01,0,China,65026.0
2005-09-01,0,China,66216.0
2005-10-01,0,China,61239.0
2005-11-01,0,China,52670.0
2005-12-01,0,China,45535.0
2006-01-01,0,China,68854.0
2006-02-01,0,China,55842.0
2006-03-01,0,China,70491.0
2006-04-01,0,China,73932.0
2006-05-01,0,China,64298.0
2006-06-01,0,China,51243.0
2006-07-01,6,China,81476.0
2006-08-01,6,China,81117.0
2006-09-01,0,China,75161.0
2006-10-01,0,China,76381.0
2006-11-01,0,China,62997.0
2006-12-01,6,China,49883.0
2007-01-01,6,China,63093.0
2007-02-01,8,China,75246.0
2007-03-01,7,China,84323.0
2007-04-01,6,China,79778.0
2007-05-01,0,China,70212.0
2007-06-01,0,China,61800.0
2007-07-01,7,China,101370.0
2007-08-01,5,China,99355.0
2007-09-01,6,China,93068.0
2007-10-01,0,China,91186.0
2007-11-01,0,China,69597.0
2007-12-01,0,China,53411.0
2008-01-01,0,China,84038.0
2008-02-01,0,China,85134.0
2008-03-01,5,China,90850.0
2008-04-01,7,China,103013.0
2008-05-01,5,China,74637.0
2008-06-01,4,China,61355.0
2008-07-01,5,China,101192.0
2008-08-01,3,China,92976.0
2008-09-01,3,China,93921.0
2008-10-01,4,China,86570.0
2008-11-01,4,China,73131.0
2008-12-01,3,China,53599.0
2009-01-01,0,China,110262.0
2009-02-01,0,China,62981.0
2009-03-01,3,China,100951.0
2009-04-01,0,China,106816.0
2009-05-01,3,China,60530.0
2009-06-01,3,China,36597.0
2009-07-01,3,China,67944.0
2009-08-01,3,China,109017.0
2009-09-01,5,China,98697.0
2009-10-01,3,China,108301.0
2009-11-01,3,China,81462.0
2009-12-01,3,China,62527.0
2010-01-01,3,China,92120.0
2010-02-01,0,China,121494.0
2010-03-01,3,China,123314.0
2010-04-01,0,China,150788.0
2010-05-01,3,China,112558.0
2010-06-01,0,China,103706.0
2010-07-01,3,China,164944.0
2010-08-01,0,China,171503.0
2010-09-01,0,China,137333.0
2010-10-01,0,China,106237.0
2010-11-01,4,China,68385.0
2010-12-01,0,China,60493.0
2011-01-01,4,China,99131.0
2011-02-01,0,China,105362.0
2011-03-01,7,China,62450.0
2011-04-01,3,China,76164.0
2011-05-01,3,China,58608.0
2011-06-01,3,China,61419.0
2011-07-01,3,China,86963.0
2011-08-01,3,China,102640.0
2011-09-01,2,China,112493.0
2011-10-01,2,China,106174.0
2011-11-01,3,China,92154.0
2011-12-01,0,China,79688.0
2012-01-01,3,China,136665.0
2012-02-01,2,China,81966.0
2012-03-01,0,China,129302.0
2012-04-01,0,China,148793.0
2012-05-01,2,China,112152.0
2012-06-01,3,China,125983.0
2012-07-01,2,China,204270.0
2012-08-01,2,China,190254.0
2012-09-01,4,China,121673.0
2012-10-01,0,China,69713.0
2012-11-01,0,China,51993.0
2012-12-01,0,China,52336.0
2013-01-01,6,China,72301.0
2013-02-01,0,China,80903.0
2013-03-01,5,China,102265.0
2013-04-01,6,China,100160.0
2013-05-01,5,China,81571.0
2013-06-01,5,China,98996.0
2013-07-01,4,China,139905.0
2013-08-01,4,China,162288.0
2013-09-01,7,China,156201.0
2013-10-01,0,China,121335.0
2013-11-01,8,China,101940.0
2013-12-01,5,China,96572.0
2014-01-01,0,China,155605.0
2014-02-01,0,China,138236.0
2014-03-01,0,China,184064.0
2014-04-01,5,China,190558.0
2014-05-01,5,China,165784.0
2014-06-01,0,China,173046.0
2014-07-01,0,China,281309.0
2014-08-01,0,China,253802.0
2014-09-01,0,China,246105.0
2014-10-01,0,China,223214.0
2014-11-01,0,China,207462.0
2014-12-01,0,China,189973.0
2015-01-01,0,China,226214.0
2015-02-01,0,China,359080.0
2015-03-01,0,China,338121.0
2015-04-01,0,China,405731.0
2015-05-01,0,China,387170.0
2015-06-01,0,China,462248.0
2015-07-01,0,China,576868.0
2015-08-01,0,China,591510.0
2015-09-01,0,China,491201.0
2015-10-01,0,China,445562.0
2015-11-01,0,China,362950.0
2015-12-01,0,China,347034.0
2016-01-01,0,China,475115.0
2016-02-01,0,China,498903.0
2016-03-01,0,China,498053.0
2016-04-01,0,China,514866.0
2016-05-01,0,China,507095.0
2016-06-01,0,China,582452.0
2016-07-01,0,China,731386.0
2016-08-01,0,China,676966.0
2016-09-01,0,China,522302.0
2016-10-01,0,China,506162.0
2016-11-01,0,China,432802.0
2016-12-01,0,China,427462.0
2017-01-01,0,China,630570.0
2017-02-01,0,China,509090.0
2017-03-01,0,China,508979.0
2017-04-01,0,China,528781.0
2017-05-01,0,China,517038.0
2017-06-01,0,China,587193.0
2017-07-01,0,China,780771.0
2017-08-01,0,China,819855.0
2017-09-01,0,China,678313.0
2017-10-01,0,China,663815.0
2017-11-01,0,China,567149.0
2017-12-01,0,China,564264.0
2018-01-01,69,China,632304.0
2018-02-01,0,China,716333.0
2018-03-01,0,China,594920.0
2018-04-01,0,China,683377.0
2018-05-01,0,China,668600.0
2018-06-01,46,China,760949.0
2018-07-01,0,China,879097.0
2018-08-01,0,China,860121.0
2018-09-01,0,China,652740.0
2018-10-01,0,China,715255.0
2018-11-01,0,China,617252.0
2018-12-01,0,China,599086.0
2019-01-01,35,China,754421.0
2019-02-01,0,China,723617.0
2019-03-01,0,China,691279.0
2019-04-01,0,China,726132.0
2019-05-01,0,China,756365.0
2019-06-01,0,China,880651.0
2019-07-01,0,China,1050420.0
2019-08-01,0,China,1000639.0
2019-09-01,0,China,819054.0
2019-10-01,0,China,730631.0
2019-11-01,0,China,750951.0
2019-12-01,0,China,710234.0
2020-01-01,60,China,924790.0
2020-02-01,100,China,87220.0
2020-03-01,0,China,10365.0
2020-04-01,0,China,163.0
2020-05-01,0,China,25.0
2020-06-01,0,China,334.0
2020-07-01,0,China,785.0
2020-08-01,0,China,1606.0
2020-09-01,0,China,2954.0
2020-10-01,60,China,4502.0
2020-11-01,0,China,18147.0
2020-12-01,0,China,18365.0
2021-01-01,0,China,10225.0
2021-02-01,0,China,1747.0
2021-03-01,0,China,3951.0
2021-04-01,0,China,3271.0
2021-05-01,0,China,1823.0
2021-06-01,0,China,1973.0
2021-07-01,0,China,3931.0
2021-08-01,0,China,2396.0
2021-09-01,0,China,3960.0
2021-10-01,0,China,4009.0
2021-11-01,0,China,3189.0
2021-12-01,0,China,1764.0
2022-01-01,0,China,1490.0
2022-02-01,0,China,2359.0
2022-03-01,21,China,9799.0
2022-04-01,18,China,22371.0
2022-05-01,0,China,17643.0
2022-06-01,0,China,14657.0
2022-07-01,0,China,14803.0
2022-08-01,0,China,12332.0
2022-09-01,0,China,17590.0
2022-10-01,0,China,21498.0
2022-11-01,0,China,21016.0
2022-12-01,0,China,33567.0
2023-01-01,0,China,31291.0
2023-02-01,28,China,36285.0
2023-03-01,0,China,75814.0
2023-04-01,29,China,108295.0
2023-05-01,26,China,134510.0
2023-06-01,0,China,208573.0
2023-07-01,22,China,313328.0
2023-08-01,21,China,364228.0
2023-09-01,36,China,325645.0
2023-10-01,20,China,256371.0
2023-11-01,34,China,258343.0
2023-12-01,26,China,312474.0
2024-01-01,22,China,416088.0
2024-02-01,0,China,459463.0
2024-03-01,0,China,452525.0
2024-04-01,28,China,533611.0
2024-05-01,28,China,545552.0
2024-06-01,39,China,665617.0
2024-07-01,0,China,776520.0
2024-08-01,35,China,746010.0
2024-09-01,27,China,652405.0
2024-10-01,32,China,582919.0
2024-11-01,34,China,546339.0
2024-12-01,29,China,604293.0
2025-01-01,0,China,980520.0
2005-01-01,72,Hong Kong,17760.0
2005-02-01,0,Hong Kong,37818.0
2005-03-01,0,Hong Kong,27248.0
2005-04-01,68,Hong Kong,16984.0
2005-05-01,65,Hong Kong,16529.0
2005-06-01,0,Hong Kong,22984.0
2005-07-01,0,Hong Kong,32608.0
2005-08-01,0,Hong Kong,27826.0
2005-09-01,67,Hong Kong,20303.0
2005-10-01,62,Hong Kong,21968.0
2005-11-01,77,Hong Kong,22946.0
2005-12-01,71,Hong Kong,33836.0
2006-01-01,0,Hong Kong,36601.0
2006-02-01,86,Hong Kong,28071.0
2006-03-01,100,Hong Kong,26440.0
2006-04-01,87,Hong Kong,34728.0
2006-05-01,55,Hong Kong,23532.0
2006-06-01,72,Hong Kong,25408.0
2006-07-01,64,Hong Kong,35949.0
2006-08-01,47,Hong Kong,29994.0
2006-09-01,0,Hong Kong,22567.0
2006-10-01,74,Hong Kong,27166.0
2006-11-01,74,Hong Kong,24809.0
2006-12-01,0,Hong Kong,37000.0
2007-01-01,55,Hong Kong,23230.0
2007-02-01,0,Hong Kong,41251.0
2007-03-01,70,Hong Kong,30866.0
2007-04-01,53,Hong Kong,38039.0
2007-05-01,66,Hong Kong,27499.0
2007-06-01,53,Hong Kong,34394.0
2007-07-01,65,Hong Kong,52690.0
2007-08-01,58,Hong Kong,40761.0
2007-09-01,67,Hong Kong,28630.0
2007-10-01,83,Hong Kong,32015.0
2007-11-01,77,Hong Kong,34103.0
2007-12-01,53,Hong Kong,48564.0
2008-01-01,71,Hong Kong,34751.0
2008-02-01,63,Hong Kong,55739.0
2008-03-01,94,Hong Kong,49035.0
2008-04-01,72,Hong Kong,36400.0
2008-05-01,76,Hong Kong,39104.0
2008-06-01,69,Hong Kong,52012.0
2008-07-01,57,Hong Kong,66038.0
2008-08-01,63,Hong Kong,54047.0
2008-09-01,84,Hong Kong,39251.0
2008-10-01,63,Hong Kong,45546.0
2008-11-01,61,Hong Kong,35787.0
2008-12-01,50,Hong Kong,42480.0
2009-01-01,40,Hong Kong,46555.0
2009-02-01,26,Hong Kong,22116.0
2009-03-01,44,Hong Kong,30519.0
2009-04-01,35,Hong Kong,44968.0
2009-05-01,45,Hong Kong,27769.0
2009-06-01,54,Hong Kong,26199.0
2009-07-01,53,Hong Kong,48951.0
2009-08-01,53,Hong Kong,47134.0
2009-09-01,39,Hong Kong,32657.0
2009-10-01,42,Hong Kong,39823.0
2009-11-01,44,Hong Kong,32125.0
2009-12-01,41,Hong Kong,50752.0
2010-01-01,46,Hong Kong,30522.0
2010-02-01,57,Hong Kong,52235.0
2010-03-01,56,Hong Kong,36366.0
2010-04-01,53,Hong Kong,46598.0
2010-05-01,52,Hong Kong,40864.0
2010-06-01,46,Hong Kong,47490.0
2010-07-01,41,Hong Kong,68846.0
2010-08-01,34,Hong Kong,51526.0
2010-09-01,27,Hong Kong,33767.0
2010-10-01,25,Hong Kong,30423.0
2010-11-01,26,Hong Kong,27432.0
2010-12-01,29,Hong Kong,42622.0
2011-01-01,40,Hong Kong,34410.0
2011-02-01,46,Hong Kong,49311.0
2011-03-01,56,Hong Kong,14116.0
2011-04-01,21,Hong Kong,5774.0
2011-05-01,25,Hong Kong,11584.0
2011-06-01,34,Hong Kong,28522.0
2011-07-01,26,Hong Kong,40524.0
2011-08-01,22,Hong Kong,38436.0
2011-09-01,30,Hong Kong,28507.0
2011-10-01,31,Hong Kong,35468.0
2011-11-01,31,Hong Kong,33711.0
2011-12-01,28,Hong Kong,44502.0
2012-01-01,32,Hong Kong,48455.0
2012-02-01,35,Hong Kong,28743.0
2012-03-01,31,Hong Kong,36690.0
2012-04-01,21,Hong Kong,44216.0
2012-05-01,31,Hong Kong,32491.0
2012-06-01,24,Hong Kong,44208.0
2012-07-01,28,Hong Kong,51482.0
2012-08-01,26,Hong Kong,44341.0
2012-09-01,27,Hong Kong,36355.0
2012-10-01,21,Hong Kong,33828.0
2012-11-01,26,Hong Kong,36215.0
2012-12-01,22,Hong Kong,44641.0
2013-01-01,23,Hong Kong,31237.0
2013-02-01,25,Hong Kong,56539.0
2013-03-01,32,Hong Kong,59405.0
2013-04-01,30,Hong Kong,55040.0
2013-05-01,23,Hong Kong,59182.0
2013-06-01,28,Hong Kong,74711.0
2013-07-01,29,Hong Kong,85335.0
2013-08-01,23,Hong Kong,71767.0
2013-09-01,22,Hong Kong,55379.0
2013-10-01,25,Hong Kong,62433.0
2013-11-01,22,Hong Kong,62679.0
2013-12-01,28,Hong Kong,72174.0
2014-01-01,31,Hong Kong,63503.0
2014-02-01,19,Hong Kong,64809.0
2014-03-01,23,Hong Kong,64482.0
2014-04-01,19,Hong Kong,79357.0
2014-05-01,29,Hong Kong,70804.0
2014-06-01,18,Hong Kong,78129.0
2014-07-01,28,Hong Kong,91224.0
2014-08-01,27,Hong Kong,74961.0
2014-09-01,26,Hong Kong,69872.0
2014-10-01,25,Hong Kong,77347.0
2014-11-01,30,Hong Kong,85251.0
2014-12-01,25,Hong Kong,106236.0
2015-01-01,33,Hong Kong,87742.0
2015-02-01,35,Hong Kong,109384.0
2015-03-01,41,Hong Kong,117223.0
2015-04-01,32,Hong Kong,119602.0
2015-05-01,33,Hong Kong,120626.0
2015-06-01,34,Hong Kong,137014.0
2015-07-01,33,Hong Kong,158712.0
2015-08-01,27,Hong Kong,141466.0
2015-09-01,28,Hong Kong,115242.0
2015-10-01,30,Hong Kong,129080.0
2015-11-01,34,Hong Kong,130776.0
2015-12-01,29,Hong Kong,157425.0
2016-01-01,32,Hong Kong,125012.0
2016-02-01,29,Hong Kong,151836.0
2016-03-01,34,Hong Kong,160954.0
2016-04-01,35,Hong Kong,127245.0
2016-05-01,20,Hong Kong,140046.0
2016-06-01,25,Hong Kong,163103.0
2016-07-01,23,Hong Kong,184630.0
2016-08-01,22,Hong Kong,159340.0
2016-09-01,19,Hong Kong,130937.0
2016-10-01,20,Hong Kong,153971.0
2016-11-01,28,Hong Kong,152346.0
2016-12-01,21,Hong Kong,189773.0
2017-01-01,29,Hong Kong,185486.0
2017-02-01,27,Hong Kong,140622.0
2017-03-01,29,Hong Kong,164469.0
2017-04-01,23,Hong Kong,209394.0
2017-05-01,23,Hong Kong,181601.0
2017-06-01,22,Hong Kong,201799.0
2017-07-01,19,Hong Kong,234651.0
2017-08-01,19,Hong Kong,196761.0
2017-09-01,19,Hong Kong,165513.0
2017-10-01,28,Hong Kong,171103.0
2017-11-01,24,Hong Kong,172926.0
2017-12-01,25,Hong Kong,207243.0
2018-01-01,21,Hong Kong,160520.0
2018-02-01,22,Hong Kong,178482.0
2018-03-01,28,Hong Kong,195651.0
2018-04-01,21,Hong Kong,179930.0
2018-05-01,21,Hong Kong,190505.0
2018-06-01,23,Hong Kong,205549.0
2018-07-01,22,Hong Kong,226755.0
2018-08-01,20,Hong Kong,198127.0
2018-09-01,19,Hong Kong,126174.0
2018-10-01,20,Hong Kong,169473.0
2018-11-01,18,Hong Kong,167184.0
2018-12-01,19,Hong Kong,209454.0
2019-01-01,17,Hong Kong,154292.0
2019-02-01,20,Hong Kong,179324.0
2019-03-01,19,Hong Kong,171430.0
2019-04-01,17,Hong Kong,194806.0
2019-05-01,17,Hong Kong,189007.0
2019-06-01,19,Hong Kong,209030.0
2019-07-01,13,Hong Kong,216810.0
2019-08-01,16,Hong Kong,190260.0
2019-09-01,16,Hong Kong,155927.0
2019-10-01,25,Hong Kong,180562.0
2019-11-01,20,Hong Kong,199702.0
2019-12-01,17,Hong Kong,249642.0
2020-01-01,21,Hong Kong,219358.0
2020-02-01,35,Hong Kong,115613.0
2020-03-01,31,Hong Kong,9917.0
2020-04-01,7,Hong Kong,14.0
2020-05-01,10,Hong Kong,1.0
2020-06-01,14,Hong Kong,7.0
2020-07-01,8,Hong Kong,19.0
2020-08-01,8,Hong Kong,41.0
2020-09-01,15,Hong Kong,89.0
2020-10-01,17,Hong Kong,221.0
2020-11-01,11,Hong Kong,453.0
2020-12-01,8,Hong Kong,287.0
2021-01-01,7,Hong Kong,161.0
2021-02-01,6,Hong Kong,39.0
2021-03-01,6,Hong Kong,58.0
2021-04-01,9,Hong Kong,59.0
2021-05-01,8,Hong Kong,65.0
2021-06-01,6,Hong Kong,53.0
2021-07-01,4,Hong Kong,253.0
2021-08-01,6,Hong Kong,123.0
2021-09-01,8,Hong Kong,120.0
2021-10-01,10,Hong Kong,144.0
2021-11-01,7,Hong Kong,104.0
2021-12-01,0,Hong Kong,73.0
2022-01-01,5,Hong Kong,71.0
2022-02-01,11,Hong Kong,70.0
2022-03-01,16,Hong Kong,488.0
2022-04-01,15,Hong Kong,1320.0
2022-05-01,18,Hong Kong,744.0
2022-06-01,13,Hong Kong,833.0
2022-07-01,11,Hong Kong,1091.0
2022-08-01,21,Hong Kong,1299.0
2022-09-01,43,Hong Kong,2824.0
2022-10-01,34,Hong Kong,36242.0
2022-11-01,35,Hong Kong,82989.0
2022-12-01,46,Hong Kong,141314.0
2023-01-01,37,Hong Kong,151939.0
2023-02-01,32,Hong Kong,119405.0
2023-03-01,33,Hong Kong,144881.0
2023-04-01,34,Hong Kong,152819.0
2023-05-01,30,Hong Kong,154393.0
2023-06-01,31,Hong Kong,186324.0
2023-07-01,28,Hong Kong,216413.0
2023-08-01,24,Hong Kong,206267.0
2023-09-01,22,Hong Kong,151137.0
2023-10-01,23,Hong Kong,179316.0
2023-11-01,27,Hong Kong,200428.0
2023-12-01,26,Hong Kong,251080.0
2024-01-01,27,Hong Kong,186300.0
2024-02-01,30,Hong Kong,205884.0
2024-03-01,30,Hong Kong,231373.0
2024-04-01,26,Hong Kong,184460.0
2024-05-01,28,Hong Kong,217486.0
2024-06-01,31,Hong Kong,250604.0
2024-07-01,23,Hong Kong,279069.0
2024-08-01,27,Hong Kong,246557.0
2024-09-01,21,Hong Kong,170216.0
2024-10-01,28,Hong Kong,198827.0
2024-11-01,25,Hong Kong,227062.0
2024-12-01,28,Hong Kong,285553.0
2025-01-01,32,Hong Kong,243687.0
2005-01-01,0,South Korea,174775.0
2005-02-01,0,South Korea,148946.0
2005-03-01,0,South Korea,130963.0
2005-04-01,0,South Korea,122084.0
2005-05-01,0,South Korea,114151.0
2005-06-01,0,South Korea,133177.0
2005-07-01,0,South Korea,170420.0
2005-08-01,100,South Korea,193279.0
2005-09-01,0,South Korea,130269.0
2005-10-01,0,South Korea,146650.0
2005-11-01,0,South Korea,140442.0
2005-12-01,0,South Korea,142015.0
2006-01-01,0,South Korea,192590.0
2006-02-01,0,South Korea,174239.0
2006-03-01,0,South Korea,149071.0
2006-04-01,0,South Korea,162657.0
2006-05-01,0,South Korea,161080.0
2006-06-01,0,South Korea,153706.0
2006-07-01,0,South Korea,197622.0
2006-08-01,0,South Korea,220332.0
2006-09-01,0,South Korea,156451.0
2006-10-01,0,South Korea,187601.0
2006-11-01,0,South Korea,177298.0
2006-12-01,0,South Korea,184678.0
2007-01-01,0,South Korea,240350.0
2007-02-01,0,South Korea,202365.0
2007-03-01,0,South Korea,188721.0
2007-04-01,0,South Korea,190558.0
2007-05-01,34,South Korea,211355.0
2007-06-01,0,South Korea,190330.0
2007-07-01,34,South Korea,254234.0
2007-08-01,0,South Korea,271377.0
2007-09-01,0,South Korea,201286.0
2007-10-01,0,South Korea,222737.0
2007-11-01,0,South Korea,218488.0
2007-12-01,0,South Korea,208893.0
2008-01-01,34,South Korea,271583.0
2008-02-01,0,South Korea,234876.0
2008-03-01,0,South Korea,187474.0
2008-04-01,34,South Korea,203812.0
2008-05-01,0,South Korea,229043.0
2008-06-01,0,South Korea,195661.0
2008-07-01,29,South Korea,237947.0
2008-08-01,0,South Korea,248154.0
2008-09-01,0,South Korea,159523.0
2008-10-01,0,South Korea,188804.0
2008-11-01,0,South Korea,117518.0
2008-12-01,0,South Korea,108002.0
2009-01-01,0,South Korea,129756.0
2009-02-01,0,South Korea,106929.0
2009-03-01,0,South Korea,108350.0
2009-04-01,0,South Korea,113313.0
2009-05-01,0,South Korea,117897.0
2009-06-01,0,South Korea,104237.0
2009-07-01,26,South Korea,170240.0
2009-08-01,0,South Korea,190987.0
2009-09-01,28,South Korea,105470.0
2009-10-01,0,South Korea,131195.0
2009-11-01,0,South Korea,130371.0
2009-12-01,0,South Korea,178027.0
2010-01-01,0,South Korea,232053.0
2010-02-01,0,South Korea,197784.0
2010-03-01,0,South Korea,169295.0
2010-04-01,0,South Korea,189582.0
2010-05-01,0,South Korea,201484.0
2010-06-01,0,South Korea,179088.0
2010-07-01,49,South Korea,236092.0
2010-08-01,23,South Korea,246882.0
2010-09-01,25,South Korea,193975.0
2010-10-01,0,South Korea,193829.0
2010-11-01,0,South Korea,197244.0
2010-12-01,0,South Korea,202508.0
2011-01-01,9,South Korea,268368.0
2011-02-01,10,South Korea,231640.0
2011-03-01,16,South Korea,89121.0
2011-04-01,10,South Korea,63790.0
2011-05-01,0,South Korea,84014.0
2011-06-01,10,South Korea,103817.0
2011-07-01,10,South Korea,140053.0
2011-08-01,0,South Korea,147030.0
2011-09-01,7,South Korea,122436.0
2011-10-01,0,South Korea,132259.0
2011-11-01,7,South Korea,134009.0
2011-12-01,8,South Korea,141536.0
2012-01-01,4,South Korea,173000.0
2012-02-01,0,South Korea,169025.0
2012-03-01,4,South Korea,150291.0
2012-04-01,0,South Korea,152323.0
2012-05-01,6,South Korea,157141.0
2012-06-01,9,South Korea,152131.0
2012-07-01,8,South Korea,189701.0
2012-08-01,4,South Korea,201764.0
2012-09-01,7,South Korea,145742.0
2012-10-01,5,South Korea,168150.0
2012-11-01,0,South Korea,183557.0
2012-12-01,0,South Korea,199950.0
2013-01-01,5,South Korea,234456.0
2013-02-01,0,South Korea,234390.0
2013-03-01,5,South Korea,206946.0
2013-04-01,4,South Korea,204229.0
2013-05-01,0,South Korea,228670.0
2013-06-01,6,South Korea,211465.0
2013-07-01,8,South Korea,243992.0
2013-08-01,5,South Korea,215498.0
2013-09-01,5,South Korea,164499.0
2013-10-01,4,South Korea,158273.0
2013-11-01,4,South Korea,170901.0
2013-12-01,7,South Korea,182846.0
2014-01-01,5,South Korea,255517.0
2014-02-01,0,South Korea,231502.0
2014-03-01,4,South Korea,192078.0
2014-04-01,5,South Korea,193998.0
2014-05-01,5,South Korea,195263.0
2014-06-01,5,South Korea,207588.0
2014-07-01,6,South Korea,250741.0
2014-08-01,6,South Korea,251428.0
2014-09-01,5,South Korea,217689.0
2014-10-01,5,South Korea,249577.0
2014-11-01,6,South Korea,239029.0
2014-12-01,5,South Korea,270903.0
2015-01-01,5,South Korea,358093.0
2015-02-01,5,South Korea,321576.0
2015-03-01,5,South Korea,268156.0
2015-04-01,5,South Korea,304619.0
2015-05-01,6,South Korea,315389.0
2015-06-01,9,South Korea,251504.0
2015-07-01,6,South Korea,343799.0
2015-08-01,6,South Korea,390971.0
2015-09-01,5,South Korea,301645.0
2015-10-01,4,South Korea,370842.0
2015-11-01,6,South Korea,359845.0
2015-12-01,4,South Korea,415656.0
2016-01-01,6,South Korea,514889.0
2016-02-01,0,South Korea,490845.0
2016-03-01,6,South Korea,374057.0
2016-04-01,7,South Korea,353660.0
2016-05-01,6,South Korea,302088.0
2016-06-01,4,South Korea,347365.0
2016-07-01,6,South Korea,447008.0
2016-08-01,4,South Korea,458927.0
2016-09-01,7,South Korea,430614.0
2016-10-01,5,South Korea,449555.0
2016-11-01,6,South Korea,426918.0
2016-12-01,4,South Korea,494376.0
2017-01-01,6,South Korea,625415.0
2017-02-01,5,South Korea,600018.0
2017-03-01,5,South Korea,488349.0
2017-04-01,7,South Korea,554627.0
2017-05-01,5,South Korea,558892.0
2017-06-01,6,South Korea,568877.0
2017-07-01,4,South Korea,644026.0
2017-08-01,6,South Korea,620904.0
2017-09-01,8,South Korea,556885.0
2017-10-01,5,South Korea,620936.0
2017-11-01,4,South Korea,622604.0
2017-12-01,5,South Korea,678905.0
2018-01-01,3,South Korea,803816.0
2018-02-01,4,South Korea,708318.0
2018-03-01,4,South Korea,619196.0
2018-04-01,4,South Korea,638523.0
2018-05-01,4,South Korea,640355.0
2018-06-01,5,South Korea,606162.0
2018-07-01,4,South Korea,607953.0
2018-08-01,4,South Korea,593941.0
2018-09-01,4,South Korea,479733.0
2018-10-01,4,South Korea,571176.0
2018-11-01,5,South Korea,588213.0
2018-12-01,2,South Korea,681566.0
2019-01-01,4,South Korea,779383.0
2019-02-01,3,South Korea,715804.0
2019-03-01,3,South Korea,585586.0
2019-04-01,4,South Korea,566624.0
2019-05-01,3,South Korea,603394.0
2019-06-01,5,South Korea,611867.0
2019-07-01,5,South Korea,561675.0
2019-08-01,3,South Korea,308730.0
2019-09-01,6,South Korea,201252.0
2019-10-01,4,South Korea,197281.0
2019-11-01,3,South Korea,205042.0
2019-12-01,2,South Korea,247959.0
2020-01-01,2,South Korea,316812.0
2020-02-01,7,South Korea,143896.0
2020-03-01,7,South Korea,16669.0
2020-04-01,3,South Korea,299.0
2020-05-01,3,South Korea,18.0
2020-06-01,3,South Korea,122.0
2020-07-01,4,South Korea,294.0
2020-08-01,2,South Korea,749.0
2020-09-01,2,South Korea,1426.0
2020-10-01,3,South Korea,2021.0
2020-11-01,3,South Korea,2825.0
2020-12-01,3,South Korea,2808.0
2021-01-01,2,South Korea,2535.0
2021-02-01,2,South Korea,910.0
2021-03-01,3,South Korea,1956.0
2021-04-01,3,South Korea,1076.0
2021-05-01,3,South Korea,950.0
2021-06-01,2,South Korea,835.0
2021-07-01,2,South Korea,1808.0
2021-08-01,2,South Korea,1647.0
2021-09-01,3,South Korea,2224.0
2021-10-01,5,South Korea,1921.0
2021-11-01,4,South Korea,2021.0
2021-12-01,2,South Korea,1064.0
2022-01-01,2,South Korea,1264.0
2022-02-01,3,South Korea,913.0
2022-03-01,6,South Korea,6694.0
2022-04-01,7,South Korea,7699.0
2022-05-01,12,South Korea,8805.0
2022-06-01,8,South Korea,11168.0
2022-07-01,8,South Korea,20384.0
2022-08-01,7,South Korea,28515.0
2022-09-01,15,South Korea,32764.0
2022-10-01,9,South Korea,122959.0
2022-11-01,8,South Korea,315421.0
2022-12-01,8,South Korea,456165.0
2023-01-01,7,South Korea,565251.0
2023-02-01,7,South Korea,568622.0
2023-03-01,6,South Korea,466810.0
2023-04-01,8,South Korea,466987.0
2023-05-01,7,South Korea,515717.0
2023-06-01,6,South Korea,545089.0
2023-07-01,6,South Korea,626830.0
2023-08-01,6,South Korea,569092.0
2023-09-01,8,South Korea,570369.0
2023-10-01,6,South Korea,631124.0
2023-11-01,5,South Korea,649877.0
2023-12-01,7,South Korea,782726.0
2024-01-01,8,South Korea,857039.0
2024-02-01,6,South Korea,818562.0
2024-03-01,6,South Korea,663102.0
2024-04-01,7,South Korea,661259.0
2024-05-01,7,South Korea,738872.0
2024-06-01,6,South Korea,703277.0
2024-07-01,6,South Korea,757679.0
2024-08-01,7,South Korea,612172.0
2024-09-01,6,South Korea,656753.0
2024-10-01,6,South Korea,732167.0
2024-11-01,5,South Korea,749506.0
2024-12-01,4,South Korea,867377.0
2025-01-01,5,South Korea,967100.0
2005-01-01,0,Thailand,5514.0
2005-02-01,74,Thailand,6245.0
2005-03-01,100,Thailand,13479.0
2005-04-01,75,Thailand,20516.0
2005-05-01,0,Thailand,11068.0
2005-06-01,0,Thailand,7469.0
2005-07-01,0,Thailand,8203.0
2005-08-01,0,Thailand,7524.0
2005-09-01,0,Thailand,10373.0
2005-10-01,0,Thailand,13017.0
2005-11-01,42,Thailand,7970.0
2005-12-01,0,Thailand,8860.0
2006-01-01,34,Thailand,6716.0
2006-02-01,40,Thailand,6876.0
2006-03-01,0,Thailand,14779.0
2006-04-01,40,Thailand,22015.0
2006-05-01,39,Thailand,10357.0
2006-06-01,0,Thailand,6741.0
2006-07-01,0,Thailand,7317.0
2006-08-01,0,Thailand,6679.0
2006-09-01,36,Thailand,8750.0
2006-10-01,35,Thailand,13812.0
2006-11-01,36,Thailand,10546.0
2006-12-01,23,Thailand,11116.0
2007-01-01,33,Thailand,7248.0
2007-02-01,25,Thailand,8175.0
2007-03-01,44,Thailand,20531.0
2007-04-01,24,Thailand,27133.0
2007-05-01,0,Thailand,13296.0
2007-06-01,0,Thailand,8772.0
2007-07-01,24,Thailand,11681.0
2007-08-01,18,Thailand,9589.0
2007-09-01,13,Thailand,13415.0
2007-10-01,25,Thailand,20552.0
2007-11-01,26,Thailand,13281.0
2007-12-01,14,Thailand,13808.0
2008-01-01,26,Thailand,8019.0
2008-02-01,28,Thailand,10738.0
2008-03-01,30,Thailand,26797.0
2008-04-01,28,Thailand,35476.0
2008-05-01,16,Thailand,20309.0
2008-06-01,14,Thailand,9929.0
2008-07-01,16,Thailand,12124.0
2008-08-01,15,Thailand,8379.0
2008-09-01,16,Thailand,13355.0
2008-10-01,18,Thailand,22602.0
2008-11-01,14,Thailand,12184.0
2008-12-01,0,Thailand,11969.0
2009-01-01,15,Thailand,8724.0
2009-02-01,12,Thailand,10563.0
2009-03-01,19,Thailand,24025.0
2009-04-01,14,Thailand,29049.0
2009-05-01,12,Thailand,14046.0
2009-06-01,18,Thailand,5952.0
2009-07-01,15,Thailand,9631.0
2009-08-01,15,Thailand,8085.0
2009-09-01,21,Thailand,11863.0
2009-10-01,10,Thailand,24619.0
2009-11-01,13,Thailand,14298.0
2009-12-01,19,Thailand,16686.0
2010-01-01,15,Thailand,9881.0
2010-02-01,20,Thailand,9944.0
2010-03-01,13,Thailand,28340.0
2010-04-01,13,Thailand,36817.0
2010-05-01,0,Thailand,17014.0
2010-06-01,11,Thailand,9967.0
2010-07-01,8,Thailand,14208.0
2010-08-01,11,Thailand,9857.0
2010-09-01,14,Thailand,12777.0
2010-10-01,11,Thailand,27812.0
2010-11-01,16,Thailand,18894.0
2010-12-01,9,Thailand,19370.0
2011-01-01,11,Thailand,11412.0
2011-02-01,10,Thailand,13597.0
2011-03-01,11,Thailand,11718.0
2011-04-01,7,Thailand,8001.0
2011-05-01,9,Thailand,8457.0
2011-06-01,6,Thailand,7507.0
2011-07-01,7,Thailand,12180.0
2011-08-01,6,Thailand,8631.0
2011-09-01,7,Thailand,13701.0
2011-10-01,5,Thailand,19517.0
2011-11-01,7,Thailand,11488.0
2011-12-01,7,Thailand,18760.0
2012-01-01,11,Thailand,12092.0
2012-02-01,9,Thailand,15345.0
2012-03-01,10,Thailand,26313.0
2012-04-01,9,Thailand,40821.0
2012-05-01,9,Thailand,24016.0
2012-06-01,6,Thailand,13608.0
2012-07-01,5,Thailand,16347.0
2012-08-01,9,Thailand,11812.0
2012-09-01,8,Thailand,18775.0
2012-10-01,7,Thailand,31701.0
2012-11-01,7,Thailand,24239.0
2012-12-01,7,Thailand,25571.0
2013-01-01,10,Thailand,16101.0
2013-02-01,10,Thailand,19890.0
2013-03-01,8,Thailand,44848.0
2013-04-01,8,Thailand,60212.0
2013-05-01,7,Thailand,40263.0
2013-06-01,8,Thailand,20502.0
2013-07-01,10,Thailand,30189.0
2013-08-01,10,Thailand,23849.0
2013-09-01,10,Thailand,29278.0
2013-10-01,10,Thailand,61306.0
2013-11-01,9,Thailand,51185.0
2013-12-01,9,Thailand,56019.0
2014-01-01,10,Thailand,27161.0
2014-02-01,11,Thailand,34334.0
2014-03-01,11,Thailand,71122.0
2014-04-01,9,Thailand,99396.0
2014-05-01,8,Thailand,62254.0
2014-06-01,8,Thailand,36323.0
2014-07-01,9,Thailand,42891.0
2014-08-01,9,Thailand,29355.0
2014-09-01,9,Thailand,31058.0
2014-10-01,11,Thailand,79388.0
2014-11-01,9,Thailand,68024.0
2014-12-01,10,Thailand,76264.0
2015-01-01,11,Thailand,44770.0
2015-02-01,11,Thailand,44038.0
2015-03-01,14,Thailand,92438.0
2015-04-01,11,Thailand,117930.0
2015-05-01,8,Thailand,81015.0
2015-06-01,7,Thailand,43390.0
2015-07-01,7,Thailand,51852.0
2015-08-01,8,Thailand,31289.0
2015-09-01,8,Thailand,34385.0
2015-10-01,10,Thailand,86001.0
2015-11-01,10,Thailand,76145.0
2015-12-01,9,Thailand,93478.0
2016-01-01,12,Thailand,61115.0
2016-02-01,11,Thailand,61315.0
2016-03-01,9,Thailand,99692.0
2016-04-01,11,Thailand,130992.0
2016-05-01,7,Thailand,84919.0
2016-06-01,10,Thailand,47898.0
2016-07-01,7,Thailand,61253.0
2016-08-01,6,Thailand,34660.0
2016-09-01,8,Thailand,44673.0
2016-10-01,7,Thailand,98276.0
2016-11-01,10,Thailand,80327.0
2016-12-01,10,Thailand,96405.0
2017-01-01,10,Thailand,65176.0
2017-02-01,8,Thailand,75098.0
2017-03-01,10,Thailand,111502.0
2017-04-01,9,Thailand,138559.0
2017-05-01,8,Thailand,88816.0
2017-06-01,8,Thailand,51755.0
2017-07-01,6,Thailand,56699.0
2017-08-01,8,Thailand,36176.0
2017-09-01,9,Thailand,49526.0
2017-10-01,9,Thailand,103536.0
2017-11-01,9,Thailand,94533.0
2017-12-01,8,Thailand,115835.0
2018-01-01,9,Thailand,82592.0
2018-02-01,9,Thailand,82017.0
2018-03-01,9,Thailand,116213.0
2018-04-01,8,Thailand,148647.0
2018-05-01,8,Thailand,103554.0
2018-06-01,7,Thailand,73642.0
2018-07-01,6,Thailand,74402.0
2018-08-01,7,Thailand,47507.0
2018-09-01,5,Thailand,54422.0
2018-10-01,7,Thailand,117949.0
2018-11-01,8,Thailand,102911.0
2018-12-01,8,Thailand,128304.0
2019-01-01,9,Thailand,92649.0
2019-02-01,8,Thailand,107845.0
2019-03-01,7,Thailand,147443.0
2019-04-01,7,Thailand,164817.0
2019-05-01,7,Thailand,107857.0
2019-06-01,7,Thailand,62984.0
2019-07-01,7,Thailand,73202.0
2019-08-01,7,Thailand,49589.0
2019-09-01,7,Thailand,62057.0
2019-10-01,8,Thailand,145333.0
2019-11-01,9,Thailand,140265.0
2019-12-01,6,Thailand,164936.0
2020-01-01,8,Thailand,112534.0
2020-02-01,11,Thailand,97957.0
2020-03-01,9,Thailand,4805.0
2020-04-01,4,Thailand,25.0
2020-05-01,4,Thailand,9.0
2020-06-01,5,Thailand,12.0
2020-07-01,4,Thailand,17.0
2020-08-01,4,Thailand,350.0
2020-09-01,4,Thailand,1038.0
2020-10-01,3,Thailand,1365.0
2020-11-01,2,Thailand,1035.0
2020-12-01,3,Thailand,683.0
2021-01-01,3,Thailand,719.0
2021-02-01,2,Thailand,92.0
2021-03-01,2,Thailand,145.0
2021-04-01,3,Thailand,154.0
2021-05-01,3,Thailand,235.0
2021-06-01,3,Thailand,139.0
2021-07-01,3,Thailand,233.0
2021-08-01,2,Thailand,272.0
2021-09-01,3,Thailand,153.0
2021-10-01,5,Thailand,195.0
2021-11-01,3,Thailand,248.0
2021-12-01,3,Thailand,173.0
2022-01-01,5,Thailand,356.0
2022-02-01,5,Thailand,137.0
2022-03-01,7,Thailand,2165.0
2022-04-01,6,Thailand,3193.0
2022-05-01,7,Thailand,2922.0
2022-06-01,6,Thailand,2544.0
2022-07-01,7,Thailand,4794.0
2022-08-01,8,Thailand,5115.0
2022-09-01,13,Thailand,7622.0
2022-10-01,11,Thailand,34115.0
2022-11-01,10,Thailand,52077.0
2022-12-01,10,Thailand,82997.0
2023-01-01,12,Thailand,63431.0
2023-02-01,12,Thailand,73292.0
2023-03-01,13,Thailand,107975.0
2023-04-01,11,Thailand,121022.0
2023-05-01,9,Thailand,80728.0
2023-06-01,8,Thailand,51351.0
2023-07-01,7,Thailand,49613.0
2023-08-01,8,Thailand,33166.0
2023-09-01,8,Thailand,50492.0
2023-10-01,12,Thailand,124558.0
2023-11-01,10,Thailand,114108.0
2023-12-01,9,Thailand,125822.0
2024-01-01,10,Thailand,90585.0
2024-02-01,9,Thailand,101443.0
2024-03-01,11,Thailand,131749.0
2024-04-01,11,Thailand,142521.0
2024-05-01,9,Thailand,97408.0
2024-06-01,6,Thailand,54604.0
2024-07-01,8,Thailand,53494.0
2024-08-01,8,Thailand,34667.0
2024-09-01,7,Thailand,45522.0
2024-10-01,12,Thailand,132188.0
2024-11-01,10,Thailand,118001.0
2024-12-01,9,Thailand,146666.0
2025-01-01,11,Thailand,96811.0
2005-01-01,0,Taiwan,76413.0
2005-02-01,0,Taiwan,96399.0
2005-03-01,0,Taiwan,89753.0
2005-04-01,0,Taiwan,120282.0
2005-05-01,0,Taiwan,114392.0
2005-06-01,0,Taiwan,121516.0
2005-07-01,0,Taiwan,153393.0
2005-08-01,0,Taiwan,116030.0
2005-09-01,0,Taiwan,100895.0
2005-10-01,0,Taiwan,107093.0
2005-11-01,0,Taiwan,93862.0
2005-12-01,0,Taiwan,84584.0
2006-01-01,0,Taiwan,109560.0
2006-02-01,0,Taiwan,92508.0
2006-03-01,0,Taiwan,94927.0
2006-04-01,0,Taiwan,128895.0
2006-05-01,0,Taiwan,110240.0
2006-06-01,0,Taiwan,110294.0
2006-07-01,0,Taiwan,146392.0
2006-08-01,0,Taiwan,112300.0
2006-09-01,0,Taiwan,99364.0
2006-10-01,0,Taiwan,122855.0
2006-11-01,0,Taiwan,95999.0
2006-12-01,0,Taiwan,85787.0
2007-01-01,0,Taiwan,87853.0
2007-02-01,0,Taiwan,126734.0
2007-03-01,100,Taiwan,108855.0
2007-04-01,0,Taiwan,124574.0
2007-05-01,0,Taiwan,112637.0
2007-06-01,0,Taiwan,115364.0
2007-07-01,0,Taiwan,140911.0
2007-08-01,0,Taiwan,118560.0
2007-09-01,0,Taiwan,118048.0
2007-10-01,0,Taiwan,130576.0
2007-11-01,69,Taiwan,108125.0
2007-12-01,0,Taiwan,93018.0
2008-01-01,0,Taiwan,106560.0
2008-02-01,0,Taiwan,114090.0
2008-03-01,0,Taiwan,95993.0
2008-04-01,0,Taiwan,140833.0
2008-05-01,0,Taiwan,134862.0
2008-06-01,0,Taiwan,130285.0
2008-07-01,0,Taiwan,155231.0
2008-08-01,0,Taiwan,119255.0
2008-09-01,0,Taiwan,102304.0
2008-10-01,0,Taiwan,126308.0
2008-11-01,0,Taiwan,93540.0
2008-12-01,0,Taiwan,70967.0
2009-01-01,0,Taiwan,97026.0
2009-02-01,0,Taiwan,59248.0
2009-03-01,0,Taiwan,75391.0
2009-04-01,0,Taiwan,91268.0
2009-05-01,0,Taiwan,70297.0
2009-06-01,0,Taiwan,61144.0
2009-07-01,0,Taiwan,115734.0
2009-08-01,0,Taiwan,114751.0
2009-09-01,0,Taiwan,77471.0
2009-10-01,0,Taiwan,97996.0
2009-11-01,0,Taiwan,85335.0
2009-12-01,0,Taiwan,78631.0
2010-01-01,0,Taiwan,89849.0
2010-02-01,0,Taiwan,105416.0
2010-03-01,41,Taiwan,89524.0
2010-04-01,0,Taiwan,109680.0
2010-05-01,0,Taiwan,114168.0
2010-06-01,0,Taiwan,113900.0
2010-07-01,0,Taiwan,152925.0
2010-08-01,56,Taiwan,113438.0
2010-09-01,0,Taiwan,102811.0
2010-10-01,0,Taiwan,105678.0
2010-11-01,0,Taiwan,89412.0
2010-12-01,0,Taiwan,81477.0
2011-01-01,0,Taiwan,97115.0
2011-02-01,0,Taiwan,93446.0
2011-03-01,34,Taiwan,42095.0
2011-04-01,0,Taiwan,35800.0
2011-05-01,0,Taiwan,67958.0
2011-06-01,0,Taiwan,87693.0
2011-07-01,0,Taiwan,113460.0
2011-08-01,0,Taiwan,99126.0
2011-09-01,21,Taiwan,84756.0
2011-10-01,0,Taiwan,108403.0
2011-11-01,0,Taiwan,86207.0
2011-12-01,0,Taiwan,77915.0
2012-01-01,0,Taiwan,125783.0
2012-02-01,0,Taiwan,85874.0
2012-03-01,0,Taiwan,92057.0
2012-04-01,0,Taiwan,138735.0
2012-05-01,0,Taiwan,120992.0
2012-06-01,14,Taiwan,125702.0
2012-07-01,20,Taiwan,160344.0
2012-08-01,0,Taiwan,128673.0
2012-09-01,14,Taiwan,118115.0
2012-10-01,17,Taiwan,135164.0
2012-11-01,0,Taiwan,123299.0
2012-12-01,12,Taiwan,111015.0
2013-01-01,11,Taiwan,111345.0
2013-02-01,0,Taiwan,150273.0
2013-03-01,0,Taiwan,147438.0
2013-04-01,15,Taiwan,197932.0
2013-05-01,13,Taiwan,195715.0
2013-06-01,8,Taiwan,226974.0
2013-07-01,0,Taiwan,238502.0
2013-08-01,0,Taiwan,194944.0
2013-09-01,9,Taiwan,206844.0
2013-10-01,12,Taiwan,213501.0
2013-11-01,10,Taiwan,177949.0
2013-12-01,13,Taiwan,149404.0
2014-01-01,12,Taiwan,196923.0
2014-02-01,16,Taiwan,191235.0
2014-03-01,23,Taiwan,208610.0
2014-04-01,15,Taiwan,257894.0
2014-05-01,28,Taiwan,281997.0
2014-06-01,14,Taiwan,254274.0
2014-07-01,25,Taiwan,279316.0
2014-08-01,16,Taiwan,229871.0
2014-09-01,18,Taiwan,220797.0
2014-10-01,24,Taiwan,260398.0
2014-11-01,18,Taiwan,236520.0
2014-12-01,38,Taiwan,211986.0
2015-01-01,28,Taiwan,217035.0
2015-02-01,22,Taiwan,277626.0
2015-03-01,44,Taiwan,277934.0
2015-04-01,25,Taiwan,335140.0
2015-05-01,30,Taiwan,339677.0
2015-06-01,38,Taiwan,345243.0
2015-07-01,31,Taiwan,361683.0
2015-08-01,30,Taiwan,313929.0
2015-09-01,37,Taiwan,302897.0
2015-10-01,30,Taiwan,343601.0
2015-11-01,43,Taiwan,296499.0
2015-12-01,37,Taiwan,265811.0
2016-01-01,39,Taiwan,320963.0
2016-02-01,33,Taiwan,348971.0
2016-03-01,48,Taiwan,328400.0
2016-04-01,36,Taiwan,384165.0
2016-05-01,45,Taiwan,375475.0
2016-06-01,50,Taiwan,397840.0
2016-07-01,53,Taiwan,397002.0
2016-08-01,34,Taiwan,333242.0
2016-09-01,41,Taiwan,347522.0
2016-10-01,38,Taiwan,354457.0
2016-11-01,62,Taiwan,300739.0
2016-12-01,50,Taiwan,278736.0
2017-01-01,45,Taiwan,350765.0
2017-02-01,45,Taiwan,342951.0
2017-03-01,54,Taiwan,339884.0
2017-04-01,37,Taiwan,413348.0
2017-05-01,39,Taiwan,407471.0
2017-06-01,34,Taiwan,433603.0
2017-07-01,40,Taiwan,446604.0
2017-08-01,34,Taiwan,377843.0
2017-09-01,45,Taiwan,347796.0
2017-10-01,38,Taiwan,421094.0
2017-11-01,40,Taiwan,363178.0
2017-12-01,43,Taiwan,319516.0
2018-01-01,41,Taiwan,350522.0
2018-02-01,41,Taiwan,400858.0
2018-03-01,50,Taiwan,387338.0
2018-04-01,40,Taiwan,470042.0
2018-05-01,43,Taiwan,440109.0
2018-06-01,36,Taiwan,456895.0
2018-07-01,43,Taiwan,460473.0
2018-08-01,35,Taiwan,394551.0
2018-09-01,75,Taiwan,329142.0
2018-10-01,45,Taiwan,379633.0
2018-11-01,42,Taiwan,351905.0
2018-12-01,46,Taiwan,335790.0
2019-01-01,43,Taiwan,387498.0
2019-02-01,42,Taiwan,399829.0
2019-03-01,49,Taiwan,402433.0
2019-04-01,43,Taiwan,403467.0
2019-05-01,44,Taiwan,426537.0
2019-06-01,45,Taiwan,461085.0
2019-07-01,31,Taiwan,459216.0
2019-08-01,38,Taiwan,420279.0
2019-09-01,42,Taiwan,376186.0
2019-10-01,44,Taiwan,413701.0
2019-11-01,32,Taiwan,392102.0
2019-12-01,42,Taiwan,348269.0
2020-01-01,33,Taiwan,461239.0
2020-02-01,80,Taiwan,220420.0
2020-03-01,43,Taiwan,7700.0
2020-04-01,19,Taiwan,337.0
2020-05-01,22,Taiwan,8.0
2020-06-01,21,Taiwan,45.0
2020-07-01,15,Taiwan,102.0
2020-08-01,13,Taiwan,448.0
2020-09-01,7,Taiwan,767.0
2020-10-01,10,Taiwan,1258.0
2020-11-01,11,Taiwan,1177.0
2020-12-01,7,Taiwan,975.0
2021-01-01,11,Taiwan,592.0
2021-02-01,5,Taiwan,423.0
2021-03-01,8,Taiwan,552.0
2021-04-01,8,Taiwan,405.0
2021-05-01,7,Taiwan,327.0
2021-06-01,7,Taiwan,300.0
2021-07-01,5,Taiwan,549.0
2021-08-01,5,Taiwan,387.0
2021-09-01,7,Taiwan,390.0
2021-10-01,10,Taiwan,425.0
2021-11-01,8,Taiwan,390.0
2021-12-01,11,Taiwan,276.0
2022-01-01,10,Taiwan,492.0
2022-02-01,7,Taiwan,601.0
2022-03-01,12,Taiwan,2461.0
2022-04-01,10,Taiwan,2838.0
2022-05-01,18,Taiwan,1861.0
2022-06-01,19,Taiwan,2416.0
2022-07-01,14,Taiwan,3945.0
2022-08-01,14,Taiwan,5007.0
2022-09-01,30,Taiwan,6756.0
2022-10-01,36,Taiwan,35028.0
2022-11-01,40,Taiwan,99533.0
2022-12-01,37,Taiwan,170159.0
2023-01-01,41,Taiwan,259340.0
2023-02-01,45,Taiwan,248493.0
2023-03-01,43,Taiwan,278902.0
2023-04-01,39,Taiwan,291564.0
2023-05-01,41,Taiwan,303343.0
2023-06-01,39,Taiwan,388976.0
2023-07-01,40,Taiwan,422356.0
2023-08-01,43,Taiwan,396346.0
2023-09-01,47,Taiwan,385259.0
2023-10-01,45,Taiwan,424857.0
2023-11-01,56,Taiwan,403498.0
2023-12-01,40,Taiwan,399500.0
2024-01-01,45,Taiwan,492288.0
2024-02-01,48,Taiwan,502237.0
2024-03-01,49,Taiwan,484454.0
2024-04-01,43,Taiwan,459723.0
2024-05-01,41,Taiwan,466008.0
2024-06-01,38,Taiwan,574487.0
2024-07-01,42,Taiwan,571698.0
2024-08-01,50,Taiwan,564360.0
2024-09-01,41,Taiwan,470635.0
2024-10-01,43,Taiwan,478902.0
2024-11-01,47,Taiwan,488362.0
2024-12-01,45,Taiwan,491162.0
2025-01-01,39,Taiwan,593431.0
2005-01-01,51,United States,57704.0
2005-02-01,60,United States,53128.0
2005-03-01,65,United States,80916.0
2005-04-01,55,United States,76971.0
2005-05-01,65,United States,73094.0
2005-06-01,54,United States,81686.0
2005-07-01,45,United States,78619.0
2005-08-01,41,United States,62645.0
2005-09-01,38,United States,58916.0
2005-10-01,42,United States,76704.0
2005-11-01,43,United States,63612.0
2005-12-01,39,United States,58038.0
2006-01-01,43,United States,57337.0
2006-02-01,44,United States,47426.0
2006-03-01,51,United States,73875.0
2006-04-01,45,United States,76335.0
2006-05-01,49,United States,72321.0
2006-06-01,43,United States,83297.0
2006-07-01,38,United States,77174.0
2006-08-01,35,United States,63280.0
2006-09-01,36,United States,59990.0
2006-10-01,39,United States,82097.0
2006-11-01,29,United States,65216.0
2006-12-01,31,United States,58379.0
2007-01-01,40,United States,54148.0
2007-02-01,36,United States,48052.0
2007-03-01,38,United States,75991.0
2007-04-01,36,United States,74772.0
2007-05-01,42,United States,72359.0
2007-06-01,35,United States,77898.0
2007-07-01,33,United States,76444.0
2007-08-01,33,United States,62875.0
2007-09-01,35,United States,65293.0
2007-10-01,32,United States,79332.0
2007-11-01,28,United States,64115.0
2007-12-01,27,United States,64603.0
2008-01-01,35,United States,54169.0
2008-02-01,33,United States,49968.0
2008-03-01,38,United States,82222.0
2008-04-01,33,United States,69186.0
2008-05-01,35,United States,69105.0
2008-06-01,31,United States,76691.0
2008-07-01,27,United States,72992.0
2008-08-01,25,United States,57121.0
2008-09-01,27,United States,57851.0
2008-10-01,27,United States,68058.0
2008-11-01,23,United States,56044.0
2008-12-01,21,United States,54938.0
2009-01-01,25,United States,47306.0
2009-02-01,29,United States,38837.0
2009-03-01,31,United States,64921.0
2009-04-01,25,United States,61708.0
2009-05-01,30,United States,58595.0
2009-06-01,28,United States,67762.0
2009-07-01,26,United States,70373.0
2009-08-01,23,United States,58044.0
2009-09-01,22,United States,52322.0
2009-10-01,22,United States,66577.0
2009-11-01,23,United States,57866.0
2009-12-01,20,United States,55608.0
2010-01-01,24,United States,48643.0
2010-02-01,26,United States,43645.0
2010-03-01,26,United States,71553.0
2010-04-01,22,United States,66879.0
2010-05-01,27,United States,65559.0
2010-06-01,23,United States,71781.0
2010-07-01,20,United States,68051.0
2010-08-01,18,United States,55449.0
2010-09-01,19,United States,56599.0
2010-10-01,16,United States,65989.0
2010-11-01,18,United States,59083.0
2010-12-01,16,United States,54003.0
2011-01-01,22,United States,51706.0
2011-02-01,21,United States,45135.0
2011-03-01,90,United States,38934.0
2011-04-01,32,United States,29788.0
2011-05-01,22,United States,40770.0
2011-06-01,19,United States,50648.0
2011-07-01,17,United States,52127.0
2011-08-01,15,United States,46823.0
2011-09-01,14,United States,46903.0
2011-10-01,21,United States,58632.0
2011-11-01,14,United States,53055.0
2011-12-01,15,United States,51366.0
2012-01-01,18,United States,48268.0
2012-02-01,18,United States,43637.0
2012-03-01,17,United States,66010.0
2012-04-01,17,United States,64208.0
2012-05-01,17,United States,65195.0
2012-06-01,16,United States,74049.0
2012-07-01,14,United States,65750.0
2012-08-01,13,United States,53180.0
2012-09-01,14,United States,53692.0
2012-10-01,13,United States,66556.0
2012-11-01,11,United States,58238.0
2012-12-01,12,United States,57926.0
2013-01-01,14,United States,51261.0
2013-02-01,15,United States,45488.0
2013-03-01,17,United States,75506.0
2013-04-01,16,United States,69565.0
2013-05-01,15,United States,74045.0
2013-06-01,15,United States,81290.0
2013-07-01,15,United States,75350.0
2013-08-01,15,United States,58347.0
2013-09-01,14,United States,61261.0
2013-10-01,14,United States,73731.0
2013-11-01,13,United States,65228.0
2013-12-01,14,United States,68208.0
2014-01-01,18,United States,59767.0
2014-02-01,18,United States,52016.0
2014-03-01,17,United States,80929.0
2014-04-01,18,United States,85298.0
2014-05-01,16,United States,80373.0
2014-06-01,16,United States,87870.0
2014-07-01,16,United States,82937.0
2014-08-01,14,United States,63883.0
2014-09-01,15,United States,69301.0
2014-10-01,15,United States,82512.0
2014-11-01,15,United States,73243.0
2014-12-01,15,United States,73539.0
2015-01-01,20,United States,62081.0
2015-02-01,17,United States,59157.0
2015-03-01,22,United States,95609.0
2015-04-01,22,United States,95891.0
2015-05-01,21,United States,92184.0
2015-06-01,18,United States,102103.0
2015-07-01,19,United States,98201.0
2015-08-01,18,United States,76926.0
2015-09-01,19,United States,76279.0
2015-10-01,19,United States,96208.0
2015-11-01,16,United States,88707.0
2015-12-01,19,United States,89912.0
2016-01-01,21,United States,75909.0
2016-02-01,23,United States,67616.0
2016-03-01,24,United States,116207.0
2016-04-01,22,United States,114153.0
2016-05-01,22,United States,111980.0
2016-06-01,20,United States,125353.0
2016-07-01,19,United States,117636.0
2016-08-01,19,United States,88783.0
2016-09-01,18,United States,96808.0
2016-10-01,18,United States,119477.0
2016-11-01,19,United States,103761.0
2016-12-01,18,United States,105036.0
2017-01-01,26,United States,88183.0
2017-02-01,27,United States,73587.0
2017-03-01,28,United States,130922.0
2017-04-01,28,United States,141090.0
2017-05-01,23,United States,124672.0
2017-06-01,22,United States,137985.0
2017-07-01,24,United States,129369.0
2017-08-01,22,United States,91978.0
2017-09-01,23,United States,100174.0
2017-10-01,21,United States,125930.0
2017-11-01,22,United States,114910.0
2017-12-01,20,United States,116164.0
2018-01-01,27,United States,92014.0
2018-02-01,24,United States,81924.0
2018-03-01,26,United States,150964.0
2018-04-01,25,United States,147028.0
2018-05-01,25,United States,140463.0
2018-06-01,24,United States,161736.0
2018-07-01,25,United States,146716.0
2018-08-01,23,United States,103092.0
2018-09-01,25,United States,104637.0
2018-10-01,22,United States,143977.0
2018-11-01,22,United States,127006.0
2018-12-01,24,United States,126850.0
2019-01-01,30,United States,103191.0
2019-02-01,27,United States,92669.0
2019-03-01,29,United States,176564.0
2019-04-01,27,United States,170247.0
2019-05-01,28,United States,156962.0
2019-06-01,27,United States,175491.0
2019-07-01,25,United States,156865.0
2019-08-01,26,United States,117828.0
2019-09-01,26,United States,127190.0
2019-10-01,27,United States,153363.0
2019-11-01,24,United States,148993.0
2019-12-01,25,United States,144498.0
2020-01-01,37,United States,117343.0
2020-02-01,100,United States,73373.0
2020-03-01,90,United States,22964.0
2020-04-01,21,United States,340.0
2020-05-01,31,United States,47.0
2020-06-01,36,United States,136.0
2020-07-01,33,United States,403.0
2020-08-01,30,United States,698.0
2020-09-01,32,United States,632.0
2020-10-01,31,United States,932.0
2020-11-01,24,United States,1091.0
2020-12-01,25,United States,1348.0
2021-01-01,27,United States,1206.0
2021-02-01,27,United States,367.0
2021-03-01,39,United States,550.0
2021-04-01,44,United States,583.0
2021-05-01,42,United States,958.0
2021-06-01,38,United States,1162.0
2021-07-01,33,United States,6139.0
2021-08-01,28,United States,2981.0
2021-09-01,36,United States,1657.0
2021-10-01,43,United States,2035.0
2021-11-01,45,United States,1432.0
2021-12-01,39,United States,956.0
2022-01-01,47,United States,1785.0
2022-02-01,57,United States,595.0
2022-03-01,67,United States,3199.0
2022-04-01,67,United States,5214.0
2022-05-01,73,United States,8066.0
2022-06-01,57,United States,9724.0
2022-07-01,55,United States,14127.0
2022-08-01,61,United States,15823.0
2022-09-01,92,United States,17965.0
2022-10-01,48,United States,53242.0
2022-11-01,48,United States,84289.0
2022-12-01,45,United States,109484.0
2023-01-01,53,United States,88114.0
2023-02-01,49,United States,86946.0
2023-03-01,59,United States,203041.0
2023-04-01,51,United States,183893.0
2023-05-01,42,United States,183408.0
2023-06-01,43,United States,226806.0
2023-07-01,42,United States,198845.0
2023-08-01,43,United States,138362.0
2023-09-01,42,United States,156637.0
2023-10-01,46,United States,211867.0
2023-11-01,41,United States,184769.0
2023-12-01,43,United States,183166.0
2024-01-01,51,United States,131855.0
2024-02-01,47,United States,148719.0
2024-03-01,53,United States,290075.0
2024-04-01,49,United States,228900.0
2024-05-01,50,United States,246972.0
2024-06-01,50,United States,296414.0
2024-07-01,48,United States,251218.0
2024-08-01,50,United States,174051.0
2024-09-01,47,United States,191942.0
2024-10-01,48,United States,278461.0
2024-11-01,51,United States,247464.0
2024-12-01,53,United States,238523.0
2025-01-01,63,United States,182556.0
